id,proba,label
15740,0.2559,0
38794,0.8015,1
60792,0.5017,1
71824,0.9416,1
4796,0.8447,1
75310,0.5226,1
63425,0.9689,1
72360,0.9598,1
17203,0.9639,1
76803,0.9106,1
96013,0.951,1
78093,0.9316,1
8179,0.9675,1
60425,0.3435,0
68439,0.9217,1
93602,0.6817,1
30941,0.9186,1
13782,0.9327,1
38902,0.9239,1
42698,0.9136,1
71840,0.9188,1
24890,0.9667,1
74863,0.9227,1
9257,0.924,1
50921,0.9078,1
3218,0.9104,1
20396,0.9114,1
74895,0.9201,1
32489,0.8886,1
2937,0.9101,1
51379,0.8962,1
54701,0.9869,1
32198,0.9714,1
86423,0.777,1
52809,0.9896,1
60158,0.9846,1
60589,0.9837,1
43186,0.4814,0
50498,0.9559,1
21658,0.9738,1
96371,0.922,1
49873,0.9298,1
6738,0.9678,1
19870,0.9696,1
59604,0.992,1
49306,0.9322,1
8679,0.9137,1
10536,0.9177,1
34571,0.9227,1
40596,0.4649,0
8245,0.9387,1
4567,0.536,1
60837,0.9283,1
4851,0.9642,1
59482,0.3561,0
74308,0.8308,1
12945,0.0446,0
86302,0.4922,0
70341,0.4997,0
42609,0.9213,1
73964,0.9092,1
59120,0.2632,0
24560,0.5181,1
67209,0.9185,1
64019,0.9691,1
8612,0.9618,1
43925,0.9113,1
49713,0.3151,0
28069,0.8177,1
78259,0.9313,1
60278,0.9234,1
62038,0.7999,1
60534,0.7768,1
79160,0.9824,1
17094,0.903,1
32698,0.5272,1
38601,0.8023,1
49580,0.9895,1
52804,0.9878,1
32904,0.997,1
12804,0.9895,1
38125,0.2455,0
28164,0.7475,1
93756,0.3817,0
27103,0.9577,1
31482,0.8068,1
68759,0.9905,1
69743,0.7985,1
36047,0.9834,1
52179,0.9931,1
18953,0.9959,1
8673,0.8702,1
36927,0.6576,1
72398,0.9626,1
86259,0.8686,1
3742,0.977,1
23765,0.9979,1
35079,0.9923,1
70394,0.8379,1
30519,0.9896,1
69514,0.9914,1
41082,0.8715,1
51389,0.7291,1
58317,0.9942,1
38569,0.7958,1
34568,0.9807,1
79132,0.8484,1
76019,0.9726,1
67015,0.9824,1
34218,0.9101,1
48016,0.7697,1
29348,0.9724,1
89701,0.8986,1
25896,0.8397,1
68457,0.9452,1
3485,0.8275,1
36752,0.8547,1
51670,0.8812,1
45367,0.8586,1
30894,0.8539,1
53021,0.9961,1
54738,0.9944,1
41627,0.2917,0
21654,0.9882,1
32149,0.9613,1
57846,0.8054,1
68510,0.9788,1
29035,0.8694,1
76598,0.9415,1
78263,0.9872,1
56243,0.3662,0
63582,0.9019,1
60182,0.9452,1
67518,0.8306,1
34762,0.987,1
58412,0.7293,1
36104,0.9837,1
61759,0.8963,1
47026,0.8905,1
79142,0.8797,1
51368,0.8774,1
15392,0.4254,0
86930,0.3109,0
28364,0.0893,0
96451,0.5833,1
91570,0.0425,0
17340,0.4705,0
1762,0.0938,0
30915,0.9237,1
92864,0.3788,0
92108,0.318,0
96057,0.4853,0
27096,0.5803,1
46802,0.1071,0
23879,0.4809,0
4687,0.8298,1
82574,0.4627,0
86320,0.1896,0
74365,0.4503,0
49127,0.0891,0
70653,0.2312,0
4638,0.557,1
98310,0.6614,1
37824,0.9,1
1562,0.8547,1
15324,0.9175,1
8697,0.959,1
85796,0.7795,1
95203,0.9908,1
75014,0.9168,1
69875,0.5926,1
6453,0.9758,1
95213,0.9491,1
8269,0.8212,1
25641,0.9882,1
54982,0.7574,1
32809,0.9749,1
72481,0.9887,1
2567,0.9603,1
24517,0.8478,1
81239,0.9694,1
91625,0.9972,1
29637,0.9572,1
90451,0.9687,1
12493,0.9921,1
48629,0.6686,1
46035,0.8266,1
58437,0.8665,1
91487,0.9337,1
98015,0.8708,1
31672,0.5198,1
63951,0.8022,1
54721,0.6631,1
16735,0.9289,1
29071,0.3928,0
71543,0.8805,1
38579,0.9951,1
81439,0.997,1
10746,0.7583,1
28053,0.9698,1
20148,0.4058,0
3985,0.5989,1
47593,0.8303,1
75492,0.9913,1
37496,0.9832,1
29716,0.904,1
71983,0.7557,1
19284,0.6302,1
97401,0.5599,1
52798,0.3578,0
5819,0.932,1
54236,0.7457,1
78023,0.9894,1
12630,0.7646,1
78169,0.8779,1
38097,0.913,1
51926,0.8252,1
67490,0.9437,1
42895,0.8227,1
75084,0.9577,1
18654,0.8727,1
35627,0.8968,1
12765,0.7806,1
47280,0.9409,1
61748,0.5651,1
19682,0.9295,1
53196,0.987,1
30624,0.1583,0
8129,0.8608,1
74619,0.987,1
20198,0.9441,1
95876,0.9793,1
96753,0.9437,1
36792,0.1576,0
12638,0.4593,0
7284,0.8223,1
95421,0.8878,1
6594,0.9086,1
45913,0.9783,1
9174,0.274,0
54968,0.9254,1
42530,0.9822,1
64370,0.9864,1
42867,0.9918,1
3612,0.9796,1
27805,0.9093,1
14896,0.8673,1
14579,0.677,1
9237,0.9804,1
30495,0.9923,1
25316,0.2483,0
20836,0.3151,0
89371,0.8899,1
31587,0.8866,1
41738,0.1248,0
73612,0.0953,0
95027,0.4508,0
60857,0.1842,0
6432,0.3326,0
40586,0.0982,0
96408,0.7074,1
8769,0.4322,0
32657,0.1275,0
93045,0.6477,1
62754,0.8734,1
79625,0.653,1
83124,0.0949,0
83567,0.2148,0
43627,0.9541,1
65891,0.5157,1
14890,0.5762,1
36271,0.2253,0
67324,0.311,0
71250,0.17,0
84903,0.4326,0
60435,0.3327,0
90187,0.826,1
98315,0.516,1
73129,0.1815,0
93810,0.8901,1
7425,0.7775,1
80634,0.1405,0
20958,0.9049,1
86502,0.6555,1
7328,0.35,0
6731,0.4767,0
86521,0.8352,1
12930,0.157,0
75431,0.3765,0
63479,0.4578,0
95438,0.5422,1
52193,0.1329,0
8153,0.9465,1
26093,0.6898,1
49205,0.0925,0
80324,0.7323,1
34082,0.9903,1
2183,0.863,1
34682,0.8567,1
38946,0.8302,1
53067,0.987,1
10965,0.8281,1
78643,0.9182,1
15749,0.9496,1
48965,0.8801,1
75981,0.8142,1
75128,0.9963,1
65430,0.842,1
27961,0.946,1
82193,0.7833,1
4519,0.8517,1
59420,0.9528,1
59063,0.8867,1
15632,0.981,1
25739,0.8075,1
26590,0.8888,1
31427,0.8683,1
78502,0.9538,1
61983,0.9206,1
63075,0.9015,1
31509,0.9566,1
65107,0.9773,1
71023,0.8382,1
43256,0.7844,1
57129,0.9611,1
39751,0.9463,1
97642,0.39,0
86035,0.9815,1
79256,0.8691,1
78146,0.8185,1
58369,0.9177,1
53961,0.4544,0
7934,0.0078,0
32795,0.1626,0
31850,0.0418,0
74069,0.2778,0
59763,0.109,0
60714,0.1785,0
84135,0.0154,0
52678,0.0807,0
1834,0.7923,1
4957,0.477,0
28967,0.2404,0
65927,0.7249,1
59874,0.0201,0
12394,0.7923,1
62594,0.0995,0
97185,0.1181,0
45798,0.3317,0
2564,0.6559,1
67410,0.0671,0
20314,0.1052,0
97852,0.0003,0
38169,0.1986,0
54012,0.1491,0
62415,0.1615,0
38056,0.4721,0
65802,0.2634,0
51738,0.1338,0
58760,0.0256,0
43861,0.2933,0
81329,0.2349,0
50416,0.3316,0
71843,0.8416,1
48957,0.9769,1
98735,0.1168,0
72390,0.9216,1
17263,0.929,1
20341,0.9293,1
32964,0.9177,1
97241,0.8466,1
98602,0.8547,1
50863,0.9341,1
69375,0.9722,1
95237,0.917,1
59127,0.8826,1
15387,0.9701,1
1368,0.8923,1
39610,0.9428,1
68045,0.8932,1
1758,0.5134,1
97012,0.9431,1
78495,0.9852,1
76984,0.9351,1
2879,0.9328,1
56810,0.5129,1
87549,0.9725,1
23056,0.9467,1
53764,0.889,1
31928,0.9579,1
28097,0.8673,1
76548,0.9659,1
30428,0.8028,1
46093,0.8157,1
12396,0.3099,0
58613,0.9706,1
49510,0.8845,1
16798,0.8216,1
53691,0.7231,1
37095,0.9228,1
5962,0.8006,1
4763,0.125,0
30594,0.8203,1
61835,0.8198,1
36708,0.7291,1
91403,0.9823,1
50678,0.2911,0
34902,0.8916,1
13649,0.8268,1
48536,0.9298,1
94025,0.9929,1
75416,0.9826,1
37854,0.7204,1
31705,0.9603,1
15023,0.9352,1
61938,0.8461,1
62513,0.8659,1
86301,0.9667,1
69731,0.9252,1
75418,0.692,1
98365,0.9195,1
21683,0.8316,1
57240,0.9748,1
42659,0.8307,1
84793,0.9117,1
8419,0.8812,1
92315,0.9735,1
98401,0.7359,1
84730,0.9551,1
62107,0.9395,1
98613,0.8279,1
26705,0.9585,1
79150,0.9135,1
85267,0.654,1
50794,0.5576,1
72193,0.9189,1
15302,0.4059,0
50627,0.0592,0
34208,0.9639,1
48063,0.9708,1
12378,0.9635,1
87432,0.255,0
70893,0.2749,0
53872,0.9782,1
65803,0.8862,1
45682,0.9667,1
75608,0.9149,1
9461,0.9584,1
38261,0.7778,1
17534,0.8929,1
59836,0.944,1
8514,0.6068,1
64219,0.9356,1
47652,0.8421,1
32856,0.7102,1
5827,0.8647,1
41027,0.4871,0
9316,0.5258,1
61479,0.5772,1
26084,0.8371,1
59628,0.8539,1
29607,0.8599,1
7315,0.8558,1
19820,0.9604,1
1278,0.7905,1
73851,0.8514,1
98706,0.7079,1
16382,0.9651,1
82436,0.8333,1
37890,0.9063,1
25460,0.6368,1
94217,0.4545,0
80314,0.8513,1
28571,0.8962,1
9436,0.7681,1
62174,0.9018,1
37264,0.7772,1
43795,0.715,1
54260,0.342,0
78594,0.8281,1
3562,0.9853,1
38726,0.0483,0
29847,0.7105,1
59076,0.3144,0
68957,0.8075,1
79432,0.7652,1
69820,0.8422,1
80429,0.7561,1
96725,0.9526,1
89473,0.9944,1
93185,0.7499,1
14796,0.649,1
43897,0.862,1
23150,0.8458,1
40231,0.808,1
14876,0.7633,1
83617,0.9407,1
91748,0.9296,1
96124,0.7361,1
21036,0.9834,1
68541,0.8864,1
95608,0.4635,0
79810,0.1468,0
83421,0.9044,1
56178,0.7413,1
67018,0.8753,1
48769,0.8969,1
36852,0.8506,1
37201,0.4666,0
36970,0.5591,1
6831,0.8737,1
96241,0.97,1
48302,0.7369,1
4925,0.7857,1
4371,0.8194,1
70645,0.7708,1
71420,0.9412,1
24601,0.8053,1
47063,0.9129,1
43596,0.9868,1
58976,0.9599,1
59814,0.9104,1
86923,0.8203,1
35704,0.3387,0
74103,0.5459,1
86572,0.9587,1
6154,0.2322,0
51024,0.6859,1
18704,0.9673,1
34016,0.9351,1
85071,0.7174,1
76945,0.9515,1
70698,0.9815,1
71563,0.2242,0
29857,0.9485,1
63017,0.936,1
94012,0.9716,1
4897,0.7501,1
54187,0.3531,0
62143,0.2695,0
9632,0.2353,0
47590,0.9734,1
56312,0.9605,1
93517,0.0375,0
94051,0.9472,1
96145,0.9421,1
63287,0.7631,1
70234,0.9929,1
4932,0.8765,1
18043,0.4951,0
16745,0.7584,1
30427,0.1879,0
67539,0.5545,1
30497,0.9898,1
78036,0.918,1
30246,0.982,1
98341,0.9819,1
74910,0.9913,1
38952,0.9365,1
49603,0.992,1
81642,0.9344,1
14056,0.7285,1
48160,0.9958,1
37269,0.9613,1
35726,0.6939,1
20634,0.9074,1
20859,0.8506,1
92843,0.457,0
3692,0.7174,1
50638,0.9556,1
27369,0.9632,1
93478,0.8653,1
37942,0.9994,1
4632,0.9346,1
40327,0.8668,1
81056,0.2554,0
87206,0.8345,1
45893,0.6776,1
82039,0.8878,1
35972,0.8253,1
97062,0.6787,1
97406,0.4449,0
23516,0.7402,1
84619,0.6235,1
14750,0.6924,1
85219,0.9076,1
60217,0.8052,1
9216,0.9208,1
4739,0.9865,1
81549,0.9737,1
23105,0.9954,1
75028,0.9872,1
26981,0.9868,1
37458,0.9262,1
70964,0.7421,1
94163,0.945,1
40876,0.5296,1
12089,0.7754,1
5431,0.9417,1
85642,0.4157,0
70325,0.6846,1
45196,0.8554,1
80157,0.6484,1
70641,0.8397,1
34502,0.3306,0
83520,0.961,1
67234,0.9559,1
13574,0.4198,0
42571,0.9152,1
51467,0.4532,0
9786,0.8911,1
58063,0.5616,1
89403,0.4663,0
52896,0.312,0
60784,0.6151,1
70293,0.9665,1
19623,0.9545,1
85129,0.8756,1
61847,0.4216,0
13259,0.7778,1
96425,0.7963,1
7913,0.987,1
52397,0.5197,1
61897,0.7641,1
64257,0.8358,1
72618,0.0581,0
75396,0.9838,1
83591,0.3393,0
28165,0.9227,1
59360,0.8549,1
52187,0.9867,1
10642,0.8242,1
40397,0.9718,1
52871,0.8791,1
68529,0.8877,1
75240,0.5887,1
7816,0.5505,1
92358,0.8476,1
80695,0.7665,1
89765,0.845,1
63195,0.9154,1
59341,0.9667,1
87106,0.7971,1
28543,0.7815,1
94718,0.4423,0
87563,0.9301,1
87236,0.9226,1
91648,0.9657,1
23749,0.4423,0
53640,0.5683,1
35478,0.9068,1
26437,0.8054,1
29645,0.5951,1
7352,0.8484,1
94210,0.5879,1
63198,0.8351,1
43976,0.3707,0
86137,0.5372,1
59860,0.4878,0
23967,0.96,1
50981,0.8408,1
90275,0.7753,1
2934,0.9622,1
29481,0.8268,1
58142,0.3439,0
5192,0.6727,1
49716,0.0868,0
84750,0.9204,1
56018,0.9692,1
96027,0.7319,1
65372,0.5783,1
32761,0.4475,0
64208,0.8827,1
19382,0.8748,1
95036,0.9607,1
12709,0.8182,1
83259,0.7764,1
51479,0.6361,1
27145,0.9631,1
28564,0.5669,1
85601,0.9472,1
80915,0.775,1
62915,0.9159,1
61489,0.8504,1
37950,0.6875,1
54316,0.5265,1
16584,0.8274,1
74810,0.6703,1
90132,0.8716,1
23706,0.7008,1
57409,0.9364,1
38679,0.6634,1
43017,0.9232,1
86309,0.8083,1
13908,0.3818,0
93584,0.3589,0
24398,0.9058,1
61047,0.7898,1
14582,0.4295,0
81604,0.9467,1
28791,0.3068,0
79230,0.9219,1
49012,0.9654,1
85473,0.9268,1
75304,0.1283,0
93712,0.8136,1
31976,0.9766,1
27450,0.931,1
53897,0.5628,1
65190,0.4561,0
2683,0.0436,0
6287,0.913,1
4298,0.9713,1
48023,0.8623,1
72309,0.4966,0
12690,0.9839,1
52190,0.9964,1
29417,0.9284,1
24306,0.651,1
8925,0.9975,1
57046,0.7589,1
45869,0.7586,1
70498,0.9121,1
96327,0.3647,0
96781,0.8613,1
58394,0.9319,1
93784,0.9888,1
30865,0.843,1
20975,0.9396,1
53082,0.695,1
52103,0.5195,1
5187,0.8846,1
54287,0.9556,1
40536,0.5813,1
52894,0.9225,1
24716,0.6003,1
68705,0.1368,0
25413,0.6802,1
10537,0.6551,1
72306,0.6251,1
94365,0.2797,0
17934,0.9478,1
12594,0.6492,1
31957,0.2179,0
10647,0.3182,0
18732,0.2019,0
84657,0.0821,0
32604,0.8682,1
98013,0.8403,1
49052,0.1432,0
86405,0.2873,0
81926,0.0151,0
28916,0.4698,0
23508,0.4984,0
60315,0.5466,1
45217,0.188,0
92640,0.009,0
20651,0.1044,0
92853,0.0112,0
37640,0.1261,0
80253,0.212,0
6839,0.2224,0
79218,0.1697,0
76249,0.014,0
64951,0.0264,0
45163,0.0102,0
42579,0.3869,0
58239,0.0139,0
84372,0.0203,0
98156,0.0848,0
92607,0.0699,0
1567,0.2482,0
75183,0.3991,0
64081,0.0256,0
62740,0.2253,0
14785,0.0343,0
67419,0.0145,0
85274,0.2095,0
12065,0.1788,0
28306,0.4075,0
17562,0.0102,0
10397,0.6004,1
49307,0.7865,1
75439,0.1993,0
21694,0.0461,0
73592,0.1247,0
64537,0.1511,0
72519,0.0,0
25710,0.0374,0
93642,0.2774,0
1723,0.0077,0
68017,0.0269,0
93158,0.0171,0
23876,0.0036,0
4982,0.0738,0
59781,0.5083,1
98120,0.1969,0
53647,0.1513,0
78513,0.0113,0
53712,0.0218,0
57264,0.0205,0
13475,0.034,0
52739,0.1716,0
36718,0.0058,0
60597,0.023,0
83514,0.1521,0
32548,0.0874,0
26754,0.3977,0
31647,0.047,0
68350,0.0004,0
89104,0.009,0
97143,0.3546,0
16289,0.0178,0
1689,0.2423,0
49602,0.2206,0
80546,0.0078,0
45270,0.226,0
41257,0.1886,0
16807,0.0202,0
97512,0.1984,0
36408,0.0141,0
4165,0.5439,1
38274,0.3444,0
28015,0.0065,0
41283,0.9457,1
5694,0.0422,0
37429,0.1094,0
62394,0.2279,0
7398,0.006,0
26813,0.0545,0
18067,0.032,0
46573,0.1997,0
28407,0.0287,0
84203,0.1051,0
36592,0.0833,0
59634,0.0209,0
10348,0.0247,0
40319,0.0516,0
25408,0.1939,0
35261,0.0832,0
72645,0.2652,0
2138,0.1028,0
54137,0.0053,0
18475,0.0109,0
19253,0.0189,0
90283,0.006,0
67025,0.0917,0
30978,0.5032,1
6245,0.0295,0
46879,0.0362,0
49813,0.0992,0
42869,0.3708,0
21507,0.0227,0
52940,0.4784,0
15327,0.1067,0
68743,0.1693,0
94576,0.2207,0
50912,0.036,0
52069,0.0267,0
47305,0.0412,0
39417,0.041,0
52916,0.0855,0
48295,0.6089,1
25380,0.8573,1
87329,0.0571,0
48327,0.0369,0
50816,0.1074,0
84732,0.5249,1
24798,0.034,0
19840,0.1832,0
41658,0.995,1
98326,0.0745,0
29316,0.0157,0
24301,0.0118,0
41967,0.381,0
30261,0.0068,0
90617,0.0,0
78042,0.0089,0
32785,0.1796,0
73456,0.3318,0
31592,0.367,0
26457,0.1951,0
56023,0.3395,0
68295,0.2844,0
20316,0.0924,0
16804,0.0316,0
38917,0.0887,0
13947,0.1061,0
30971,0.047,0
83016,0.2595,0
41863,0.7353,1
63082,0.0182,0
28576,0.0,0
21597,0.1897,0
62781,0.2553,0
3527,0.3716,0
10627,0.0834,0
93581,0.0317,0
13567,0.0353,0
69824,0.622,1
19780,0.0839,0
18509,0.1146,0
73825,0.0211,0
84017,0.1608,0
98513,0.3308,0
6328,0.2464,0
74521,0.3767,0
5748,0.0451,0
67820,0.0215,0
39187,0.0225,0
18642,0.1162,0
46759,0.0027,0
41072,0.0578,0
94782,0.0375,0
32054,0.0665,0
69273,0.0178,0
49830,0.4971,0
60897,0.1179,0
27148,0.0061,0
78240,0.2634,0
18054,0.0058,0
31624,0.0586,0
58621,0.4081,0
91243,0.4645,0
9812,0.7124,1
53148,0.1838,0
13568,0.3577,0
14682,0.0876,0
68491,0.449,0
40958,0.0272,0
56089,0.0062,0
43276,0.0268,0
4978,0.0536,0
25931,0.1747,0
36051,0.1726,0
95428,0.2196,0
60834,0.1535,0
14073,0.3308,0
68543,0.0041,0
87941,0.033,0
90512,0.0817,0
61308,0.0584,0
97238,0.1346,0
29187,0.741,1
72408,0.6944,1
51849,0.0548,0
14872,0.1887,0
41237,0.7322,1
27958,0.4406,0
52489,0.0691,0
19627,0.3784,0
45018,0.1247,0
27305,0.0475,0
91365,0.3346,0
27310,0.5058,1
27609,0.0217,0
57462,0.007,0
2417,0.2667,0
89673,0.0114,0
25684,0.0346,0
6281,0.0062,0
12568,0.117,0
93162,0.0273,0
89241,0.0541,0
35806,0.4843,0
67284,0.2902,0
61358,0.1573,0
81930,0.1445,0
3581,0.1571,0
56120,0.0541,0
79413,0.0482,0
74039,0.0513,0
5239,0.3785,0
42803,0.3347,0
28541,0.0746,0
73068,0.3747,0
63704,0.0141,0
54219,0.4901,0
43125,0.1289,0
62498,0.1488,0
92605,0.0543,0
13972,0.2227,0
20769,0.4427,0
9317,0.1048,0
91274,0.1017,0
10836,0.1281,0
42605,0.2418,0
56342,0.3332,0
23801,0.1939,0
14527,0.1985,0
64037,0.4794,0
97263,0.0714,0
83947,0.1471,0
73140,0.1005,0
40518,0.0421,0
83754,0.0218,0
35916,0.0317,0
36142,0.3086,0
25604,0.11,0
8659,0.367,0
43950,0.2137,0
52860,0.079,0
49237,0.1314,0
38907,0.3853,0
58203,0.0737,0
67594,0.0622,0
16470,0.0515,0
90653,0.7698,1
85361,0.0243,0
21846,0.0478,0
81746,0.03,0
74580,0.4309,0
17462,0.0081,0
47025,0.0643,0
53972,0.2674,0
56307,0.1433,0
98437,0.1291,0
53167,0.2163,0
65409,0.0214,0
70268,0.0491,0
78016,0.0067,0
8145,0.1152,0
60574,0.2045,0
32478,0.0714,0
93624,0.4582,0
65097,0.0229,0
9825,0.7504,1
71035,0.0448,0
54391,0.2333,0
45820,0.7077,1
8426,0.1858,0
95162,0.3807,0
6783,0.4681,0
7415,0.1851,0
68027,0.0627,0
20893,0.0566,0
84123,0.1219,0
8374,0.1048,0
31905,0.0437,0
37891,0.0938,0
74209,0.0519,0
52074,0.0561,0
29176,0.0748,0
82630,0.3382,0
3926,0.4627,0
51920,0.1901,0
63542,0.0248,0
23941,0.3657,0
81276,0.025,0
65127,0.0789,0
27654,0.0103,0
76830,0.0105,0
18794,0.1926,0
63270,0.0274,0
75962,0.009,0
83470,0.1975,0
98361,0.2788,0
67598,0.2671,0
72054,0.0997,0
47935,0.0467,0
63458,0.2429,0
32071,0.0181,0
45132,0.2812,0
58460,0.6307,1
67584,0.8586,1
31695,0.1537,0
83925,0.1319,0
86209,0.7248,1
5374,0.018,0
94172,0.0421,0
26739,0.5412,1
38061,0.0875,0
78614,0.011,0
46201,0.2915,0
6827,0.0979,0
34261,0.1041,0
24850,0.3596,0
93486,0.2242,0
57326,0.0067,0
29043,0.1504,0
76012,0.1244,0
60783,0.139,0
47539,0.0387,0
14367,0.0949,0
93254,0.1988,0
74205,0.0067,0
9375,0.224,0
10634,0.1755,0
70182,0.1756,0
39078,0.1951,0
64032,0.1646,0
58364,0.2383,0
46892,0.1357,0
19423,0.0752,0
41290,0.0608,0
16482,0.0563,0
40237,0.0414,0
81295,0.3576,0
93125,0.0699,0
86052,0.1183,0
17324,0.0734,0
32596,0.1741,0
16398,0.0098,0
49537,0.1432,0
2587,0.2279,0
83096,0.0849,0
93520,0.2137,0
1735,0.0607,0
94608,0.0569,0
7832,0.0381,0
56714,0.0515,0
32476,0.1396,0
26159,0.0464,0
63142,0.1384,0
62974,0.0198,0
56983,0.1249,0
41320,0.2695,0
32945,0.1749,0
54217,0.0237,0
64539,0.1706,0
62718,0.1095,0
69702,0.0407,0
57109,0.3277,0
84973,0.0522,0
50968,0.1539,0
97615,0.1203,0
4386,0.3352,0
72045,0.0283,0
96432,0.189,0
98321,0.6637,1
52163,0.3033,0
48251,0.4158,0
12980,0.0064,0
85196,0.2335,0
87061,0.0344,0
56491,0.2022,0
94762,0.203,0
38290,0.3733,0
18562,0.1919,0
65307,0.5671,1
87156,0.0887,0
2451,0.1106,0
57382,0.4936,0
80524,0.0491,0
95637,0.2496,0
32701,0.0417,0
7918,0.2101,0
28356,0.9185,1
2619,0.3389,0
65387,0.7119,1
1874,0.3563,0
2437,0.2312,0
82459,0.233,0
32697,0.4267,0
6918,0.235,0
41309,0.2387,0
76853,0.0601,0
76540,0.2706,0
1738,0.0316,0
78021,0.1365,0
84032,0.2351,0
39820,0.3832,0
91078,0.3617,0
32796,0.1332,0
31250,0.6186,1
52198,0.1086,0
64310,0.6209,1
12768,0.1075,0
21867,0.3925,0
71534,0.5142,1
35947,0.0795,0
5769,0.0442,0
23087,0.5549,1
37482,0.3933,0
40527,0.9552,1
10837,0.9061,1
19874,0.3043,0
90524,0.271,0
97624,0.553,1
3526,0.5835,1
4362,0.9643,1
20679,0.2648,0
54689,0.1962,0
18792,0.6537,1
58423,0.0429,0
23469,0.3087,0
87954,0.1274,0
63792,0.0271,0
13724,0.145,0
10875,0.0574,0
38652,0.0681,0
81932,0.6535,1
28350,0.4867,0
65243,0.1884,0
72619,0.1969,0
5768,0.0946,0
24018,0.0433,0
18752,0.1312,0
24107,0.2379,0
34965,0.2229,0
64150,0.4401,0
2349,0.0061,0
82451,0.0093,0
27053,0.909,1
29473,0.1584,0
47912,0.0347,0
32791,0.0196,0
35498,0.0591,0
26837,0.0419,0
30476,0.0784,0
92074,0.6892,1
45082,0.0082,0
82159,0.4632,0
65123,0.0463,0
1285,0.0684,0
49261,0.1617,0
39064,0.5003,1
38762,0.9138,1
26731,0.0387,0
78652,0.2272,0
23741,0.0776,0
7245,0.2904,0
72016,0.0383,0
30529,0.0868,0
46153,0.1459,0
95863,0.1532,0
19084,0.2168,0
45701,0.0493,0
92084,0.2057,0
43591,0.0685,0
21456,0.2345,0
65827,0.1105,0
38297,0.0031,0
82604,0.1377,0
93758,0.1887,0
85306,0.2455,0
96215,0.913,1
3149,0.5979,1
39217,0.469,0
68902,0.3284,0
91573,0.0523,0
18506,0.0874,0
21596,0.2498,0
27681,0.0464,0
82057,0.2625,0
16052,0.2093,0
72150,0.0495,0
34905,0.186,0
83942,0.0285,0
96315,0.0218,0
3571,0.6285,1
43098,0.1481,0
68519,0.0602,0
41207,0.0876,0
2149,0.4763,0
10973,0.0624,0
94037,0.2249,0
20796,0.0819,0
92680,0.4698,0
21938,0.0312,0
9418,0.3502,0
49731,0.4789,0
48632,0.3671,0
73608,0.0999,0
63152,0.0785,0
10629,0.0568,0
94681,0.3363,0
20178,0.0946,0
86749,0.0744,0
43069,0.0956,0
63509,0.1507,0
18603,0.0526,0
59276,0.3376,0
14567,0.0301,0
49238,0.0391,0
63172,0.0935,0
17029,0.2555,0
73820,0.1907,0
14732,0.0525,0
65209,0.3107,0
94253,0.1423,0
63529,0.0116,0
52410,0.0377,0
19387,0.2532,0
35401,0.0616,0
5728,0.2156,0
4293,0.0282,0
79152,0.0917,0
75406,0.0278,0
19357,0.1025,0
71965,0.0615,0
8215,0.1323,0
52376,0.2812,0
12560,0.4887,0
14862,0.2624,0
23685,0.068,0
91427,0.0456,0
86420,0.8732,1
14762,0.4065,0
46897,0.0297,0
31540,0.3885,0
43892,0.0935,0
20871,0.2741,0
10782,0.1632,0
38576,0.5049,1
82731,0.1104,0
72649,0.0572,0
69845,0.1081,0
57468,0.2763,0
81067,0.0243,0
42951,0.2325,0
64189,0.1147,0
72948,0.0532,0
8346,0.0564,0
50284,0.3413,0
13287,0.1333,0
31685,0.055,0
39657,0.0631,0
26481,0.099,0
20579,0.0239,0
20941,0.2174,0
57614,0.2196,0
29746,0.347,0
20831,0.2839,0
3618,0.1571,0
72854,0.2567,0
57980,0.6338,1
13078,0.4425,0
57641,0.7558,1
36198,0.2432,0
51962,0.4271,0
65034,0.504,1
52369,0.0753,0
21380,0.284,0
30821,0.0136,0
90726,0.1164,0
38456,0.1235,0
73092,0.3021,0
30264,0.1018,0
42689,0.2838,0
40589,0.7553,1
38920,0.4652,0
34519,0.2253,0
81460,0.4629,0
57243,0.1965,0
81496,0.0296,0
58012,0.261,0
71395,0.0675,0
8943,0.8104,1
37821,0.1035,0
19402,0.3817,0
26107,0.2818,0
51396,0.7634,1
43820,0.1025,0
30765,0.0395,0
98541,0.0217,0
82701,0.274,0
64250,0.5068,1
5763,0.0182,0
5627,0.2756,0
61548,0.0453,0
20173,0.3029,0
26348,0.0844,0
27845,0.2336,0
15637,0.2283,0
98604,0.0623,0
52879,0.273,0
95348,0.201,0
87136,0.0754,0
56701,0.0711,0
79816,0.1553,0
21584,0.0203,0
82716,0.0266,0
8427,0.0482,0
10723,0.3368,0
79586,0.1116,0
76490,0.2683,0
19386,0.1146,0
45293,0.0347,0
2436,0.8486,1
67825,0.4411,0
92386,0.0022,0
92653,0.0488,0
87320,0.3675,0
4967,0.4967,0
93526,0.0026,0
18409,0.0037,0
1594,0.3498,0
42567,0.169,0
56893,0.0281,0
71032,0.0296,0
15932,0.0354,0
86904,0.0322,0
90235,0.1275,0
47562,0.1142,0
15230,0.0298,0
5346,0.0061,0
13672,0.4632,0
20674,0.2277,0
95647,0.2862,0
96137,0.2931,0
37810,0.66,1
29468,0.0374,0
20613,0.3133,0
46890,0.2748,0
92584,0.3101,0
72401,0.1349,0
40587,0.3368,0
59187,0.233,0
94318,0.1501,0
15389,0.1643,0
86235,0.0425,0
4869,0.1829,0
7426,0.1393,0
6947,0.0242,0
30281,0.1572,0
86952,0.1346,0
81647,0.0897,0
38524,0.0235,0
67140,0.257,0
61592,0.1069,0
80921,0.0497,0
13540,0.1099,0
58341,0.0913,0
51806,0.0828,0
57698,0.0345,0
2794,0.9075,1
52680,0.5244,1
73546,0.2929,0
3179,0.9106,1
92631,0.2168,0
9256,0.4815,0
7213,0.0872,0
3174,0.073,0
86490,0.0641,0
72961,0.1957,0
13702,0.4523,0
98621,0.3609,0
16925,0.2566,0
8725,0.046,0
39428,0.0898,0
64810,0.2671,0
87904,0.0792,0
87095,0.0451,0
83294,0.0487,0
42389,0.0277,0
97421,0.0711,0
95321,0.2365,0
8132,0.1766,0
83029,0.1309,0
67538,0.2277,0
49865,0.5739,1
54097,0.3096,0
51672,0.4018,0
82903,0.4447,0
93167,0.0307,0
23597,0.0518,0
93705,0.0855,0
74396,0.1718,0
73501,0.2016,0
78953,0.1252,0
80216,0.0443,0
71094,0.1177,0
9578,0.0656,0
50374,0.2589,0
13420,0.1031,0
37261,0.1639,0
50869,0.201,0
75609,0.3155,0
80249,0.3021,0
27380,0.0337,0
58694,0.2776,0
73802,0.7561,1
49801,0.2352,0
65130,0.2561,0
16840,0.2468,0
54836,0.5397,1
41269,0.0724,0
5238,0.2762,0
84052,0.0407,0
32546,0.2564,0
97506,0.2918,0
57943,0.1424,0
84627,0.1574,0
71092,0.1415,0
68915,0.1217,0
6958,0.256,0
57324,0.6994,1
10486,0.6161,1
76120,0.4111,0
12960,0.2414,0
67912,0.0152,0
70326,0.2793,0
93284,0.7127,1
94803,0.2939,0
10756,0.8482,1
3165,0.4401,0
41930,0.6445,1
82137,0.285,0
25940,0.1908,0
70682,0.0887,0
36908,0.6539,1
15340,0.1139,0
60281,0.3076,0
65482,0.2022,0
13825,0.1074,0
6829,0.1373,0
61074,0.2579,0
4973,0.3706,0
89230,0.3791,0
10697,0.2453,0
39762,0.1719,0
90637,0.564,1
97621,0.5862,1
3876,0.1815,0
27456,0.2459,0
89032,0.2384,0
30621,0.5299,1
13587,0.0459,0
59214,0.4698,0
36194,0.1076,0
83401,0.0975,0
94528,0.4207,0
13572,0.7972,1
30547,0.829,1
49180,0.2177,0
19264,0.2739,0
25974,0.0393,0
74358,0.0149,0
67520,0.115,0
92418,0.0133,0
42381,0.0289,0
1425,0.1307,0
98143,0.0117,0
75493,0.0653,0
14729,0.7057,1
62917,0.2928,0
28176,0.0294,0
54863,0.1734,0
78026,0.7306,1
46015,0.1674,0
13457,0.3591,0
16803,0.1452,0
10469,0.1172,0
73916,0.8321,1
17590,0.619,1
21037,0.4261,0
54168,0.024,0
25681,0.2069,0
20591,0.0506,0
48195,0.3298,0
60239,0.3976,0
78962,0.2165,0
16385,0.5858,1
19560,0.0202,0
69812,0.7052,1
28493,0.4891,0
94651,0.168,0
35768,0.1608,0
24365,0.1469,0
76809,0.188,0
29617,0.2747,0
2486,0.2077,0
96308,0.4695,0
5142,0.3543,0
78946,0.0584,0
67302,0.141,0
91824,0.3686,0
2641,0.1768,0
61972,0.1306,0
4317,0.0129,0
92561,0.123,0
80536,0.1473,0
3125,0.3916,0
27154,0.5074,1
17538,0.2016,0
72684,0.6452,1
12640,0.1037,0
48105,0.5283,1
38602,0.0784,0
1674,0.2869,0
16085,0.1071,0
91870,0.0116,0
60924,0.4048,0
60742,0.2164,0
57028,0.1208,0
49315,0.4022,0
43157,0.1646,0
37680,0.5769,1
90627,0.2513,0
89476,0.3935,0
76492,0.5837,1
61893,0.8841,1
64912,0.2974,0
84092,0.0087,0
82713,0.8223,1
17254,0.2182,0
41508,0.5899,1
12578,0.465,0
95813,0.0996,0
18795,0.1598,0
76942,0.0432,0
53176,0.164,0
71069,0.0377,0
54698,0.1144,0
19470,0.1748,0
12769,0.3373,0
85740,0.3254,0
95476,0.057,0
90352,0.0777,0
87064,0.3198,0
9175,0.308,0
57864,0.3842,0
16245,0.2158,0
17036,0.1626,0
72096,0.0505,0
67108,0.2443,0
12703,0.5016,1
2697,0.1647,0
89351,0.2822,0
90158,0.3187,0
8794,0.1772,0
25714,0.2569,0
27510,0.1525,0
24569,0.3573,0
34625,0.3177,0
50762,0.6087,1
24360,0.303,0
53871,0.4381,0
14289,0.2547,0
97638,0.2369,0
38150,0.4394,0
65439,0.6416,1
65937,0.2167,0
30126,0.1363,0
80526,0.1882,0
71260,0.3453,0
91680,0.6992,1
13706,0.2048,0
72563,0.3204,0
65714,0.1796,0
90367,0.459,0
94753,0.2197,0
36907,0.0343,0
29015,0.1484,0
69570,0.662,1
71653,0.087,0
90173,0.0138,0
64357,0.696,1
42103,0.3094,0
26915,0.1687,0
75108,0.1996,0
60972,0.4667,0
15069,0.1556,0
69127,0.1532,0
72091,0.4746,0
82473,0.6706,1
32690,0.1101,0
49605,0.5804,1
89624,0.6167,1
19257,0.1428,0
48329,0.1585,0
39857,0.1391,0
3761,0.5942,1
89657,0.2097,0
7369,0.0783,0
4258,0.1338,0
18563,0.1077,0
18647,0.5052,1
35679,0.0278,0
54693,0.107,0
16459,0.1431,0
32857,0.29,0
75926,0.6487,1
7524,0.0334,0
35081,0.0232,0
31598,0.0587,0
31642,0.3353,0
2193,0.0986,0
3857,0.0606,0
59642,0.5458,1
20369,0.2687,0
47210,0.1399,0
89173,0.2651,0
94601,0.7707,1
38594,0.1519,0
28497,0.1214,0
68927,0.6992,1
90682,0.7668,1
97651,0.2916,0
21367,0.147,0
49318,0.6096,1
53094,0.4235,0
49782,0.7387,1
86920,0.2167,0
2569,0.1142,0
97053,0.7487,1
43586,0.165,0
70428,0.0039,0
75469,0.0053,0
39172,0.0543,0
40376,0.1167,0
18459,0.0389,0
59403,0.2411,0
29310,0.5104,1
34807,0.7483,1
18250,0.0389,0
73286,0.2688,0
24160,0.1439,0
79435,0.2011,0
95362,0.0389,0
27063,0.827,1
12350,0.0318,0
79524,0.1936,0
97582,0.1273,0
30581,0.1062,0
75246,0.2753,0
67158,0.0521,0
72163,0.9225,1
49081,0.2233,0
12806,0.1143,0
36019,0.1873,0
89345,0.2945,0
62150,0.4832,0
96382,0.7288,1
90163,0.151,0
9348,0.167,0
30921,0.626,1
12506,0.3746,0
40361,0.3414,0
30216,0.0316,0
18023,0.3631,0
75631,0.2602,0
71560,0.7658,1
16370,0.3281,0
24308,0.7125,1
57086,0.0973,0
95164,0.036,0
57632,0.1569,0
46390,0.0127,0
10532,0.292,0
98217,0.0679,0
50731,0.0793,0
12367,0.5925,1
23168,0.2621,0
8914,0.2755,0
74896,0.1756,0
71098,0.7141,1
95014,0.2527,0
97154,0.1336,0
59827,0.308,0
45791,0.2075,0
60527,0.1958,0
61385,0.1872,0
58260,0.2458,0
34509,0.0324,0
38120,0.2422,0
90276,0.0888,0
95413,0.4516,0
71298,0.0969,0
57410,0.3677,0
91805,0.1746,0
81379,0.2203,0
85104,0.0297,0
85943,0.0906,0
96370,0.0013,0
19034,0.7451,1
51409,0.2141,0
7168,0.0972,0
37941,0.2189,0
39851,0.074,0
31987,0.2167,0
29876,0.1401,0
94861,0.3389,0
29073,0.0877,0
27908,0.4635,0
56302,0.3697,0
32709,0.2242,0
14068,0.889,1
65347,0.9235,1
27639,0.9207,1
7214,0.991,1
12934,0.9857,1
61924,0.7756,1
73689,0.8229,1
37690,0.9402,1
65401,0.8711,1
40165,0.1079,0
5296,0.8221,1
6148,0.8582,1
89216,0.5212,1
19873,0.8671,1
36129,0.9254,1
75048,0.7687,1
23658,0.8703,1
17529,0.7623,1
14365,0.8087,1
36170,0.8859,1
12845,0.3546,0
37648,0.1786,0
80631,0.069,0
51308,0.2119,0
42038,0.1374,0
90362,0.6061,1
84720,0.2575,0
36195,0.1289,0
57340,0.4763,0
16430,0.2607,0
84270,0.2548,0
10794,0.327,0
56309,0.4589,0
39758,0.8144,1
58297,0.6507,1
37056,0.5627,1
95068,0.3518,0
5983,0.4571,0
89647,0.3058,0
40198,0.2726,0
4785,0.3443,0
46738,0.405,0
59268,0.6138,1
89435,0.7268,1
79805,0.6976,1
81605,0.5707,1
60852,0.6799,1
39074,0.2627,0
87654,0.2222,0
89317,0.0396,0
8361,0.1684,0
57146,0.3839,0
82453,0.4103,0
52786,0.4367,0
17298,0.3735,0
39672,0.9202,1
20846,0.2435,0
9643,0.2986,0
62784,0.2094,0
84752,0.2728,0
60123,0.0148,0
26785,0.0533,0
19306,0.083,0
81205,0.2679,0
3196,0.3751,0
21349,0.4947,0
97246,0.2976,0
42305,0.312,0
79504,0.3494,0
1397,0.0575,0
2578,0.2382,0
30127,0.3558,0
34685,0.618,1
98274,0.112,0
97528,0.2197,0
67532,0.7424,1
18965,0.3939,0
65281,0.0091,0
42059,0.4008,0
62907,0.0961,0
1358,0.2267,0
53462,0.6566,1
79340,0.3954,0
71439,0.284,0
36589,0.1095,0
52806,0.1073,0
15927,0.2867,0
71805,0.4165,0
72980,0.3786,0
72491,0.2242,0
93105,0.2065,0
4853,0.0254,0
37962,0.2261,0
63974,0.908,1
92147,0.9654,1
58601,0.4146,0
42068,0.2286,0
4728,0.5404,1
13978,0.645,1
39710,0.2089,0
32091,0.5478,1
8539,0.724,1
56038,0.1602,0
59873,0.5565,1
41928,0.0914,0
72409,0.2077,0
74105,0.2141,0
54368,0.7698,1
26138,0.4022,0
90326,0.3859,0
4269,0.3002,0
68923,0.4444,0
29465,0.3721,0
45621,0.3034,0
93015,0.2675,0
75912,0.3358,0
90713,0.7411,1
73254,0.656,1
23789,0.3413,0
97146,0.0737,0
10789,0.7963,1
59870,0.2713,0
34267,0.2682,0
24837,0.6287,1
9537,0.7798,1
58407,0.1182,0
52084,0.3337,0
18702,0.1475,0
57941,0.2239,0
1893,0.2162,0
83709,0.1554,0
73054,0.27,0
62598,0.1286,0
34065,0.4852,0
24163,0.5299,1
80275,0.2731,0
26013,0.3213,0
91048,0.3777,0
92517,0.7618,1
78542,0.0929,0
71693,0.1454,0
79641,0.9214,1
4398,0.087,0
49582,0.2746,0
39274,0.0452,0
9528,0.0444,0
42960,0.3098,0
49567,0.4124,0
67281,0.381,0
71548,0.0373,0
90185,0.2202,0
10784,0.2576,0
16375,0.9093,1
8726,0.1833,0
31420,0.1427,0
51934,0.2355,0
29364,0.0229,0
6278,0.1819,0
92816,0.0396,0
83649,0.0593,0
84307,0.8372,1
25130,0.3775,0
83106,0.0844,0
46508,0.0193,0
1926,0.8663,1
85406,0.1244,0
80654,0.6886,1
13208,0.249,0
15928,0.2849,0
86430,0.07,0
85061,0.0233,0
34527,0.1701,0
27491,0.0073,0
14907,0.2588,0
2957,0.331,0
41768,0.017,0
37469,0.7503,1
50714,0.2365,0
14673,0.4496,0
18075,0.0039,0
97063,0.4709,0
82360,0.0329,0
17382,0.2584,0
49031,0.1147,0
51346,0.0527,0
25138,0.0496,0
71856,0.4153,0
54176,0.2793,0
43058,0.3282,0
25839,0.0668,0
29345,0.5698,1
68304,0.3885,0
96174,0.0786,0
54209,0.0154,0
50691,0.0494,0
62584,0.5279,1
92810,0.4199,0
39871,0.309,0
70198,0.0745,0
93106,0.0248,0
10387,0.4709,0
42875,0.0381,0
60821,0.126,0
49638,0.0372,0
73489,0.0858,0
43021,0.199,0
59762,0.3496,0
39284,0.2102,0
28394,0.2096,0
10542,0.0439,0
7642,0.0745,0
93754,0.3672,0
92346,0.0108,0
58936,0.1164,0
87945,0.2983,0
31526,0.5608,1
37916,0.323,0
71352,0.0507,0
2164,0.0206,0
3587,0.0341,0
47839,0.3824,0
34281,0.0161,0
