id,proba,label
15740,0.0012971014948561788,0
38794,0.9921181797981262,1
60792,0.0027103594038635492,0
71824,0.5185659527778625,1
4796,0.9643661975860596,1
75310,0.9978931546211243,1
63425,0.9991074204444885,1
72360,0.9993541836738586,1
17203,0.9994521737098694,1
76803,0.04717450961470604,0
96013,0.6365236043930054,1
78093,0.17934875190258026,0
8179,0.997018575668335,1
60425,0.026613889262080193,0
68439,0.0005943887517787516,0
93602,0.5784770250320435,1
30941,0.001869994099251926,0
13782,0.004278588108718395,0
38902,0.0004705267201643437,0
42698,0.001912177074700594,0
71840,0.0011394444154575467,0
24890,0.994397759437561,1
74863,0.02294125407934189,0
9257,0.03652140498161316,0
50921,0.004790543578565121,0
3218,0.0002445165882818401,0
20396,0.00332305277697742,0
74895,0.026598047465085983,0
32489,0.996483325958252,1
2937,0.9855158925056458,1
51379,0.9323500394821167,1
54701,0.9650639295578003,1
32198,0.9135091304779053,1
86423,0.007342197932302952,0
52809,0.991841197013855,1
60158,0.0010771321831271052,0
60589,0.999504804611206,1
43186,0.6279697418212891,1
50498,0.5728089809417725,1
21658,0.013098283670842648,0
96371,0.013438303023576736,0
49873,0.14380770921707153,0
6738,0.9898322820663452,1
19870,0.9309543371200562,1
59604,0.9970031380653381,1
49306,0.0025640930980443954,0
8679,0.0008238486479967833,0
10536,0.03243821859359741,0
34571,0.05363728478550911,0
40596,0.28968462347984314,0
8245,0.5671082139015198,1
4567,0.19340692460536957,0
60837,0.03300219401717186,0
4851,0.997859537601471,1
59482,0.0009519468294456601,0
74308,0.3307211697101593,0
12945,0.001761065679602325,0
86302,0.997866690158844,1
70341,0.978675901889801,1
42609,0.02569633536040783,0
73964,0.004295939579606056,0
59120,0.38551065325737,0
24560,0.00313377333804965,0
67209,0.005344589240849018,0
64019,0.9956195950508118,1
8612,0.0006444700411520898,0
43925,0.0010376826394349337,0
49713,0.8089249730110168,1
28069,0.3992968797683716,0
78259,0.34841182827949524,0
60278,0.01441901084035635,0
62038,0.001212696311995387,0
60534,0.9978430271148682,1
79160,0.9978183507919312,1
17094,0.001255110139027238,0
32698,0.91185063123703,1
38601,0.0005263731582090259,0
49580,0.9766562581062317,1
52804,0.9241784811019897,1
32904,0.014187830500304699,0
12804,0.9986119270324707,1
38125,0.994756817817688,1
28164,0.001595955458469689,0
93756,0.017225397750735283,0
27103,0.009537017904222012,0
31482,0.0014356394531205297,0
68759,0.9993448853492737,1
69743,0.028024453669786453,0
36047,0.9977248311042786,1
52179,0.17553748190402985,0
18953,0.9821690917015076,1
8673,0.9983735084533691,1
36927,0.9994807839393616,1
72398,0.9995156526565552,1
86259,0.02888510189950466,0
3742,0.9924001693725586,1
23765,0.9992115497589111,1
35079,0.9970942735671997,1
70394,0.8095757961273193,1
30519,0.9975510239601135,1
69514,0.9744377136230469,1
41082,0.999193012714386,1
51389,0.8037269711494446,1
58317,0.9963668584823608,1
38569,0.0012065201299265027,0
34568,0.9992914199829102,1
79132,0.9972213506698608,1
76019,0.06583326309919357,0
67015,0.9993219375610352,1
34218,0.9931256771087646,1
48016,0.004291076213121414,0
29348,0.8367792367935181,1
89701,0.9947769641876221,1
25896,0.02141217328608036,0
68457,0.9984748959541321,1
3485,0.9988724589347839,1
36752,0.002235931111499667,0
51670,0.6968764066696167,1
45367,0.12259703129529953,0
30894,0.5635684132575989,1
53021,0.993680477142334,1
54738,0.0007781239110045135,0
41627,0.00024031820066738874,0
21654,0.00434544263407588,0
32149,0.9656479358673096,1
57846,0.0005205845227465034,0
68510,0.9969473481178284,1
29035,0.783046305179596,1
76598,0.0004989880253560841,0
78263,0.820026695728302,1
56243,0.6708577871322632,1
63582,0.41747182607650757,0
60182,0.0013071544235572219,0
67518,0.002299889223650098,0
34762,0.05853099003434181,0
58412,0.03209707885980606,0
36104,0.9984942674636841,1
61759,0.027332516387104988,0
47026,0.4972454607486725,0
79142,0.9866368174552917,1
51368,0.9237532615661621,1
15392,0.917840838432312,1
86930,0.6174758076667786,1
28364,0.6235359907150269,1
96451,0.9968416690826416,1
91570,0.0003523482009768486,0
17340,0.8315768241882324,1
1762,0.06820600479841232,0
30915,0.6776136755943298,1
92864,0.6438301801681519,1
92108,0.013750361278653145,0
96057,0.9780815243721008,1
27096,0.9994505047798157,1
46802,0.005469223018735647,0
23879,0.9450027346611023,1
4687,0.9697933793067932,1
82574,0.999321699142456,1
86320,0.10523513704538345,0
74365,0.8475731611251831,1
49127,0.0023857061751186848,0
70653,0.001427459646947682,0
4638,0.9982927441596985,1
98310,0.32667168974876404,0
37824,0.45317342877388,0
1562,0.07418432086706161,0
15324,0.0003742678964044899,0
8697,0.596448540687561,1
85796,0.9987265467643738,1
95203,0.9950108528137207,1
75014,0.0437404066324234,0
69875,0.005725329276174307,0
6453,0.7466330528259277,1
95213,0.9990789890289307,1
8269,0.8872299194335938,1
25641,0.21265068650245667,0
54982,0.3308463990688324,0
32809,0.37365055084228516,0
72481,0.996052086353302,1
2567,0.03683629259467125,0
24517,0.9985829591751099,1
81239,0.998177170753479,1
91625,0.020354704931378365,0
29637,0.9994656443595886,1
90451,0.991644561290741,1
12493,0.9743443727493286,1
48629,0.0007028134423308074,0
46035,0.0003066424687858671,0
58437,0.9991307854652405,1
91487,0.0010513138258829713,0
98015,0.0007306185434572399,0
31672,0.9969702959060669,1
63951,0.0011426258133724332,0
54721,0.002399040386080742,0
16735,0.005499534774571657,0
29071,0.9989284873008728,1
71543,0.0012963777408003807,0
38579,0.9901341795921326,1
81439,0.1329825520515442,0
10746,0.009586140513420105,0
28053,0.8547973036766052,1
20148,0.0006162601057440042,0
3985,0.9948534369468689,1
47593,0.0007469260599464178,0
75492,0.9865257740020752,1
37496,0.8705865144729614,1
29716,0.06578662246465683,0
71983,0.9977579712867737,1
19284,0.002639342099428177,0
97401,0.00042964008753187954,0
52798,0.4255993962287903,0
5819,0.10453663021326065,0
54236,0.39010363817214966,0
78023,0.9991353154182434,1
12630,0.001274643000215292,0
78169,0.998734176158905,1
38097,0.9975789189338684,1
51926,0.0035405380185693502,0
67490,0.8548219203948975,1
42895,0.0020398509223014116,0
75084,0.9943110942840576,1
18654,0.006644680630415678,0
35627,0.04054028540849686,0
12765,0.024295886978507042,0
47280,0.00318045262247324,0
61748,0.00017303918139077723,0
19682,0.005104673560708761,0
53196,0.15068651735782623,0
30624,0.994252622127533,1
8129,0.3231905698776245,0
74619,0.0009546757210046053,0
20198,0.3133583664894104,0
95876,0.07973256707191467,0
96753,0.9102168679237366,1
36792,0.0006940963794477284,0
12638,0.9632260799407959,1
7284,0.012298804707825184,0
95421,0.9954995512962341,1
6594,0.9962157607078552,1
45913,0.9890642762184143,1
9174,0.012422638945281506,0
54968,0.9888878464698792,1
42530,0.9864310622215271,1
64370,0.0005817144992761314,0
42867,0.6435896754264832,1
3612,0.10188240557909012,0
27805,0.355631560087204,0
14896,0.9959744811058044,1
14579,0.0009369083563797176,0
9237,0.0008630105294287205,0
30495,0.7797630429267883,1
25316,0.05558425933122635,0
20836,0.28242120146751404,0
89371,0.4039928615093231,0
31587,0.9989058971405029,1
41738,0.0011240788735449314,0
73612,0.0009919414296746254,0
95027,0.9672691822052002,1
60857,0.30709683895111084,0
6432,0.0129838353022933,0
40586,0.01855202578008175,0
96408,0.9681227207183838,1
8769,0.6269517540931702,1
32657,0.13177801668643951,0
93045,0.998742401599884,1
62754,0.9515812993049622,1
79625,0.9994902610778809,1
83124,0.055038534104824066,0
83567,0.1346312314271927,0
43627,0.999515175819397,1
65891,0.9089385271072388,1
14890,0.9275023937225342,1
36271,0.03546037897467613,0
67324,0.5069812536239624,1
71250,0.03396151587367058,0
84903,0.9919631481170654,1
60435,0.13796581327915192,0
90187,0.17262616753578186,0
98315,0.9872974157333374,1
73129,0.23151007294654846,0
93810,0.9975154399871826,1
7425,0.9960273504257202,1
80634,0.14344821870326996,0
20958,0.9943806529045105,1
86502,0.8605619072914124,1
7328,0.5816921591758728,1
6731,0.9849643111228943,1
86521,0.9464308023452759,1
12930,0.0005111058126203716,0
75431,0.2307216078042984,0
63479,0.9847286343574524,1
95438,0.998256504535675,1
52193,0.0005844857660122216,0
8153,0.49804171919822693,0
26093,0.9952054023742676,1
49205,0.013860276900231838,0
80324,0.9981854557991028,1
34082,0.9993389248847961,1
2183,0.9764004945755005,1
34682,0.02715621516108513,0
38946,0.9965230226516724,1
53067,0.9862052798271179,1
10965,0.9959348440170288,1
78643,0.005484614055603743,0
15749,0.9970154762268066,1
48965,0.9595087766647339,1
75981,0.0010611001634970307,0
75128,0.9946704506874084,1
65430,0.0037151905708014965,0
27961,0.9757197499275208,1
82193,0.31901824474334717,0
4519,0.9934311509132385,1
59420,0.9994656443595886,1
59063,0.1497422307729721,0
15632,0.991630494594574,1
25739,0.17471197247505188,0
26590,0.009867576882243156,0
31427,0.0009669914143159986,0
78502,0.0034626172855496407,0
61983,0.0010482006473466754,0
63075,0.4684446156024933,0
31509,0.9939036965370178,1
65107,0.9903169870376587,1
71023,0.9991542100906372,1
43256,0.004541271831840277,0
57129,0.3781810998916626,0
39751,0.0011284032370895147,0
97642,0.9994468092918396,1
86035,0.9991593360900879,1
79256,0.9967659711837769,1
78146,0.7474116683006287,1
58369,0.08434120565652847,0
53961,0.9992178678512573,1
7934,0.0009114757413044572,0
32795,0.009605061262845993,0
31850,0.0007440857589244843,0
74069,0.992846667766571,1
59763,0.000471874896902591,0
60714,0.020118163898587227,0
84135,0.0011094496585428715,0
52678,0.0050807311199605465,0
1834,0.884867250919342,1
4957,0.0003455801634117961,0
28967,0.0015136314323171973,0
65927,0.9843822121620178,1
59874,0.02835909090936184,0
12394,0.9886742234230042,1
62594,0.02776758372783661,0
97185,0.0007784234476275742,0
45798,0.15517015755176544,0
2564,0.954622209072113,1
67410,0.039059173315763474,0
20314,0.0007360177114605904,0
97852,0.006247629877179861,0
38169,0.3701384961605072,0
54012,0.18381692469120026,0
62415,0.9968664050102234,1
38056,0.6191108822822571,1
65802,0.11304034292697906,0
51738,0.0004699783166870475,0
58760,0.0055697266943752766,0
43861,0.9991413354873657,1
81329,0.0009368780301883817,0
50416,0.5076117515563965,1
71843,0.9961571097373962,1
48957,0.8388223648071289,1
98735,0.23165743052959442,0
72390,0.9986936450004578,1
17263,0.001630865503102541,0
20341,0.004752389155328274,0
32964,0.009547208435833454,0
97241,0.9988434314727783,1
98602,0.9992393255233765,1
50863,0.999413251876831,1
69375,0.9989495873451233,1
95237,0.0034689228050410748,0
59127,0.002563724759966135,0
15387,0.17764374613761902,0
1368,0.9994908571243286,1
39610,0.0877104252576828,0
68045,0.8168219923973083,1
1758,0.000426978716859594,0
97012,0.9984995126724243,1
78495,0.999219536781311,1
76984,0.9933892488479614,1
2879,0.9993544220924377,1
56810,0.9964432120323181,1
87549,0.999355137348175,1
23056,0.9719752669334412,1
53764,0.0012156640877947211,0
31928,0.003618367714807391,0
28097,0.0004832528647966683,0
76548,0.9241891503334045,1
30428,0.9812352061271667,1
46093,0.002365853637456894,0
12396,0.950722873210907,1
58613,0.9986637830734253,1
49510,0.9896832704544067,1
16798,0.0030167601071298122,0
53691,0.8573614358901978,1
37095,0.5624128580093384,1
5962,0.9831907153129578,1
4763,0.10022979229688644,0
30594,0.9938814640045166,1
61835,0.12564097344875336,0
36708,0.07337997853755951,0
91403,0.6078512072563171,1
50678,0.9982068538665771,1
34902,0.9962846040725708,1
13649,0.015218999236822128,0
48536,0.0006323502166196704,0
94025,0.9988391995429993,1
75416,0.998745322227478,1
37854,0.9986883997917175,1
31705,0.9413672089576721,1
15023,0.23478904366493225,0
61938,0.0034847883507609367,0
62513,0.00419369013980031,0
86301,0.675265371799469,1
69731,0.059445951133966446,0
75418,0.2436974197626114,0
98365,0.012418262660503387,0
21683,0.9990014433860779,1
57240,0.059815630316734314,0
42659,0.9919249415397644,1
84793,0.007862216793000698,0
8419,0.9950329065322876,1
92315,0.038051459938287735,0
98401,0.05942271277308464,0
84730,0.01367757748812437,0
62107,0.9862686991691589,1
98613,0.0013413598062470555,0
26705,0.731876015663147,1
79150,0.00041060851071961224,0
85267,0.9988941550254822,1
50794,0.9984283447265625,1
72193,0.0003602158685680479,0
15302,0.30736857652664185,0
50627,0.010441429913043976,0
34208,0.985582172870636,1
48063,0.9807083010673523,1
12378,0.9993094205856323,1
87432,0.854736328125,1
70893,0.9700998067855835,1
53872,0.010877196677029133,0
65803,0.9958971738815308,1
45682,0.9986785054206848,1
75608,0.98783278465271,1
9461,0.9972676038742065,1
38261,0.002490540035068989,0
17534,0.9880557060241699,1
59836,0.9989696741104126,1
8514,0.6373385190963745,1
64219,0.08993622660636902,0
47652,0.999206006526947,1
32856,0.03729883208870888,0
5827,0.08271517604589462,0
41027,0.0007511308649554849,0
9316,0.3928380012512207,0
61479,0.6741083860397339,1
26084,0.2862262427806854,0
59628,0.9988239407539368,1
29607,0.5780068635940552,1
7315,0.9589005708694458,1
19820,0.9656454920768738,1
1278,0.0017636719858273864,0
73851,0.9872000217437744,1
98706,0.9992974996566772,1
16382,0.9990794658660889,1
82436,0.0005296649178490043,0
37890,0.680024266242981,1
25460,0.27812474966049194,0
94217,0.0016729492926970124,0
80314,0.015568147413432598,0
28571,0.9987724423408508,1
9436,0.13601495325565338,0
62174,0.007752018515020609,0
37264,0.9741845726966858,1
43795,0.00028681851108558476,0
54260,0.004204876720905304,0
78594,0.9995019435882568,1
3562,0.9990991353988647,1
38726,0.0007770049851387739,0
29847,0.00034056598087772727,0
59076,0.00038107603904791176,0
68957,0.0003015504335053265,0
79432,0.8985780477523804,1
69820,0.006184297613799572,0
80429,0.0406789556145668,0
96725,0.9995169639587402,1
89473,0.9842821955680847,1
93185,0.0005513907526619732,0
14796,0.05911250039935112,0
43897,0.9394397735595703,1
23150,0.002605037996545434,0
40231,0.009152054786682129,0
14876,0.9989820122718811,1
83617,0.007153632119297981,0
91748,0.965286135673523,1
96124,0.034927573055028915,0
21036,0.998776376247406,1
68541,0.9986695051193237,1
95608,0.06596982479095459,0
79810,0.0003041675372514874,0
83421,0.9641374349594116,1
56178,0.99952232837677,1
67018,0.5646606087684631,1
48769,0.09215282648801804,0
36852,0.6408493518829346,1
37201,0.99870765209198,1
36970,0.9854254126548767,1
6831,0.8896662592887878,1
96241,0.9604135155677795,1
48302,0.006208610720932484,0
4925,0.014888380654156208,0
4371,0.3956729769706726,0
70645,0.0006997254677116871,0
71420,0.9995622038841248,1
24601,0.0005461739492602646,0
47063,0.9924157857894897,1
43596,0.01379437930881977,0
58976,0.99750816822052,1
59814,0.00045866562868468463,0
86923,0.997624933719635,1
35704,0.5839559435844421,1
74103,0.9995493292808533,1
86572,0.9993714690208435,1
6154,0.18495811522006989,0
51024,0.9994661211967468,1
18704,0.9983086585998535,1
34016,0.9993434548377991,1
85071,0.0002721465425565839,0
76945,0.0014179518911987543,0
70698,0.045796480029821396,0
71563,0.7100082635879517,1
29857,0.9929176568984985,1
63017,0.9921332597732544,1
94012,0.29951590299606323,0
4897,0.9050049185752869,1
54187,0.0005372661398723722,0
62143,0.5883945226669312,1
9632,0.9918203353881836,1
47590,0.8426629900932312,1
56312,0.26537641882896423,0
93517,0.20236289501190186,0
94051,0.4668235182762146,0
96145,0.999022364616394,1
63287,0.9789896607398987,1
70234,0.9994359612464905,1
4932,0.37787649035453796,0
18043,0.00038913876051083207,0
16745,0.9977697134017944,1
30427,0.003615595633164048,0
67539,0.8629698753356934,1
30497,0.9949288368225098,1
78036,0.007654290180653334,0
30246,0.8439015746116638,1
98341,0.0009008718770928681,0
74910,0.9884324669837952,1
38952,0.023468973115086555,0
49603,0.052694689482450485,0
81642,0.9994589686393738,1
14056,0.9989257454872131,1
48160,0.9982981085777283,1
37269,0.9968076944351196,1
35726,0.99724280834198,1
20634,0.9947249293327332,1
20859,0.9285911917686462,1
92843,0.0030548134818673134,0
3692,0.7025831937789917,1
50638,0.983618438243866,1
27369,0.8604698777198792,1
93478,0.040314823389053345,0
37942,0.991624653339386,1
4632,0.0007439446053467691,0
40327,0.0018245512619614601,0
81056,0.003184197936207056,0
87206,0.004302786197513342,0
45893,0.9280744791030884,1
82039,0.9256624579429626,1
35972,0.0027228621765971184,0
97062,0.980419933795929,1
97406,0.950050413608551,1
23516,0.9992985725402832,1
84619,0.031117524951696396,0
14750,0.8879415988922119,1
85219,0.004531001206487417,0
60217,0.00025549143902026117,0
9216,0.22101633250713348,0
4739,0.9992169141769409,1
81549,0.5533319711685181,1
23105,0.8053946495056152,1
75028,0.10868935286998749,0
26981,0.0013528343988582492,0
37458,0.07672793418169022,0
70964,0.9995740056037903,1
94163,0.999090313911438,1
40876,0.8645236492156982,1
12089,0.9994648098945618,1
5431,0.8255512714385986,1
85642,0.9992433786392212,1
70325,0.002672995673492551,0
45196,0.9933586716651917,1
80157,0.052650369703769684,0
70641,0.002006098162382841,0
34502,0.0030318161007016897,0
83520,0.2318042516708374,0
67234,0.4985817074775696,0
13574,0.03198797628283501,0
42571,0.15446636080741882,0
51467,0.011611733585596085,0
9786,0.0035230687353760004,0
58063,0.9948476552963257,1
89403,0.9993972778320312,1
52896,0.0009966522920876741,0
60784,0.0002018428494920954,0
70293,0.012895186431705952,0
19623,0.9991974234580994,1
85129,0.9966094493865967,1
61847,0.9274036288261414,1
13259,0.04927106946706772,0
96425,0.057492658495903015,0
7913,0.5094117522239685,1
52397,0.9992924928665161,1
61897,0.0009051596862263978,0
64257,0.9977274537086487,1
72618,0.0038939204532653093,0
75396,0.9992039799690247,1
83591,0.21776950359344482,0
28165,0.0044541144743561745,0
59360,0.9851745963096619,1
52187,0.9839305281639099,1
10642,0.0009780337568372488,0
40397,0.013626055791974068,0
52871,0.912704348564148,1
68529,0.999458372592926,1
75240,0.15097299218177795,0
7816,0.967555582523346,1
92358,0.9991474151611328,1
80695,0.9978742599487305,1
89765,0.002769449492916465,0
63195,0.13593588769435883,0
59341,0.9370312094688416,1
87106,0.9974039196968079,1
28543,0.0015174212167039514,0
94718,0.9910633563995361,1
87563,0.003400431713089347,0
87236,0.39589232206344604,0
91648,0.01632503792643547,0
23749,0.9984332919120789,1
53640,0.007043393328785896,0
35478,0.9993374943733215,1
26437,0.0055763437412679195,0
29645,0.180169478058815,0
7352,0.0010585286654531956,0
94210,0.0007332712411880493,0
63198,0.0002859824162442237,0
43976,0.6518932580947876,1
86137,0.0025030954275280237,0
59860,0.9985001087188721,1
23967,0.945321798324585,1
50981,0.9785470366477966,1
90275,0.002832043683156371,0
2934,0.0022126503754407167,0
29481,0.002538064494729042,0
58142,0.0719035267829895,0
5192,0.9708834886550903,1
49716,0.0036365585401654243,0
84750,0.22491571307182312,0
56018,0.9809288382530212,1
96027,0.0739111378788948,0
65372,0.9899519085884094,1
32761,0.0003430452779866755,0
64208,0.7711791396141052,1
19382,0.722643256187439,1
95036,0.011458448134362698,0
12709,0.997606635093689,1
83259,0.1262645423412323,0
51479,0.060064494609832764,0
27145,0.0006950601236894727,0
28564,0.9424861073493958,1
85601,0.9994540810585022,1
80915,0.0011538676917552948,0
62915,0.009893476031720638,0
61489,0.5547216534614563,1
37950,0.041573695838451385,0
54316,0.9995241165161133,1
16584,0.0014629224315285683,0
74810,0.009021703153848648,0
90132,0.2013438642024994,0
23706,0.9992855191230774,1
57409,0.044272810220718384,0
38679,0.0011954278452321887,0
43017,0.9465747475624084,1
86309,0.9984669089317322,1
13908,0.012060396373271942,0
93584,0.9990230798721313,1
24398,0.9993358254432678,1
61047,0.002325227949768305,0
14582,0.9954414367675781,1
81604,0.26687464118003845,0
28791,0.0035128784365952015,0
79230,0.0009742581751197577,0
49012,0.9978671073913574,1
85473,0.03143300861120224,0
75304,0.0003474897239357233,0
93712,0.9916887879371643,1
31976,0.9994574189186096,1
27450,0.0005569741479121149,0
53897,0.0857270285487175,0
65190,0.057547830045223236,0
2683,0.033665742725133896,0
6287,0.0006981302867643535,0
4298,0.996408998966217,1
48023,0.9995288848876953,1
72309,0.9851535558700562,1
12690,0.23237982392311096,0
52190,0.8707701563835144,1
29417,0.5838478207588196,1
24306,0.998653769493103,1
8925,0.9922336339950562,1
57046,0.9863495230674744,1
45869,0.8551850914955139,1
70498,0.9954656958580017,1
96327,0.9914543628692627,1
96781,0.0006908173090778291,0
58394,0.9978066086769104,1
93784,0.001363118994049728,0
30865,0.9995409250259399,1
20975,0.3663981854915619,0
53082,0.12343554198741913,0
52103,0.9992455244064331,1
5187,0.9981081485748291,1
54287,0.9990308284759521,1
40536,0.6785261034965515,1
52894,0.3168340027332306,0
24716,0.9889914989471436,1
68705,0.0005304536316543818,0
25413,0.013864228501915932,0
10537,0.9344727993011475,1
72306,0.9931321740150452,1
94365,0.11351139843463898,0
17934,0.999337375164032,1
12594,0.002348201582208276,0
31957,0.9992875456809998,1
10647,0.9994947910308838,1
18732,0.0016334031242877245,0
84657,0.9993427395820618,1
32604,0.9514009952545166,1
98013,0.0031085782684385777,0
49052,0.989345133304596,1
86405,0.0031313702929764986,0
81926,0.0007166232098825276,0
28916,0.9869133830070496,1
23508,0.0014211945235729218,0
60315,0.00040875637205317616,0
45217,0.00044764234917238355,0
92640,0.0010446123778820038,0
20651,0.00037437278660945594,0
92853,0.0003983402857556939,0
37640,0.003047666745260358,0
80253,0.7998591661453247,1
6839,0.0011316371383145452,0
79218,0.18762344121932983,0
76249,0.015384846366941929,0
64951,0.0004580272361636162,0
45163,0.0020819511264562607,0
42579,0.0928085520863533,0
58239,0.0003640581271611154,0
84372,0.0005084280855953693,0
98156,0.00040734454523772,0
92607,0.5724387764930725,1
1567,0.000461545743746683,0
75183,0.00045736433821730316,0
64081,0.00034418745781295,0
62740,0.019797665998339653,0
14785,0.0009412326035089791,0
67419,0.0012299843365326524,0
85274,0.0003768463502638042,0
12065,0.0017416335176676512,0
28306,0.0008170225773938,0
17562,0.00039357144851237535,0
10397,0.9178377985954285,1
49307,0.0005597039707936347,0
75439,0.00293253012932837,0
21694,0.0019818043801933527,0
73592,0.5399538278579712,1
64537,0.0006868639029562473,0
72519,0.08004678785800934,0
25710,0.035082776099443436,0
93642,0.6223189234733582,1
1723,0.0011579064885154366,0
68017,0.9922400712966919,1
93158,0.9733948707580566,1
23876,0.08387769013643265,0
4982,0.001942597096785903,0
59781,0.0034403654281049967,0
98120,0.000578857259824872,0
53647,0.2419532686471939,0
78513,0.00037447368958964944,0
53712,0.0005883350968360901,0
57264,0.011117321439087391,0
13475,0.011894213035702705,0
52739,0.005422839429229498,0
36718,0.0004185483849141747,0
60597,0.0004782031464856118,0
83514,0.0004927952541038394,0
32548,0.05964154005050659,0
26754,0.9982638955116272,1
31647,0.016365278512239456,0
68350,0.0004679697740357369,0
89104,0.0003189200651831925,0
97143,0.03313654661178589,0
16289,0.0013311911607161164,0
1689,0.001065845717675984,0
49602,0.007768194656819105,0
80546,0.0007042723591439426,0
45270,0.0012737165670841932,0
41257,0.0006400177371688187,0
16807,0.0007661788840778172,0
97512,0.2821723222732544,0
36408,0.00033528744825161994,0
4165,0.04633050411939621,0
38274,0.047933127731084824,0
28015,0.0004026663664262742,0
41283,0.491867333650589,0
5694,0.012769757770001888,0
37429,0.020802535116672516,0
62394,0.09352529048919678,0
7398,0.0002638192381709814,0
26813,0.0012794816866517067,0
18067,0.0013092515291646123,0
46573,0.04729391261935234,0
28407,0.07222232967615128,0
84203,0.0009554059943184257,0
36592,0.0012697011698037386,0
59634,0.02724280022084713,0
10348,0.17200914025306702,0
40319,0.0029066475108265877,0
25408,0.0006683907122351229,0
35261,0.0015824496513232589,0
72645,0.0013542537344619632,0
2138,0.03982197865843773,0
54137,0.0005456275539472699,0
18475,0.001193222007714212,0
19253,0.00044403463834896684,0
90283,0.0005466749425977468,0
67025,0.0823025107383728,0
30978,0.03093848004937172,0
6245,0.0005993984523229301,0
46879,0.002796345157548785,0
49813,0.0004752620297949761,0
42869,0.0006836703978478909,0
21507,0.0003921195166185498,0
52940,0.0031810167711228132,0
15327,0.0003161588392686099,0
68743,0.005566466134041548,0
94576,0.5326281785964966,1
50912,0.005469295661896467,0
52069,0.00041379567119292915,0
47305,0.0003701440873555839,0
39417,0.0013771404046565294,0
52916,0.23775611817836761,0
48295,0.9983383417129517,1
25380,0.7704091668128967,1
87329,0.6195672154426575,1
48327,0.0006954245618544519,0
50816,0.0006280000670813024,0
84732,0.001111515681259334,0
24798,0.00087378965690732,0
19840,0.0008445593994110823,0
41658,0.9567267894744873,1
98326,0.011207331903278828,0
29316,0.0006789480685256422,0
24301,0.0027359635569155216,0
41967,0.0007500472711399198,0
30261,0.0008957683457992971,0
90617,0.0010586284333840013,0
78042,0.0005542695871554315,0
32785,0.0007046335376799107,0
73456,0.9769436717033386,1
31592,0.11381321400403976,0
26457,0.6341267824172974,1
56023,0.9576252102851868,1
68295,0.05865635350346565,0
20316,0.8690028786659241,1
16804,0.058112554252147675,0
38917,0.2501324713230133,0
13947,0.0008857787470333278,0
30971,0.002842132467776537,0
83016,0.0006506546633318067,0
41863,0.004159436095505953,0
63082,0.0003767926536966115,0
28576,0.2744079828262329,0
21597,0.00041398705798201263,0
62781,0.0028785804752260447,0
3527,0.5705851912498474,1
10627,0.0005335441092029214,0
93581,0.0017568424809724092,0
13567,0.00038143625715747476,0
69824,0.00040245032869279385,0
19780,0.001520856050774455,0
18509,0.0005788586568087339,0
73825,0.0014658733271062374,0
84017,0.01833280362188816,0
98513,0.0008084140135906637,0
6328,0.018235549330711365,0
74521,0.0004844302893616259,0
5748,0.024929801002144814,0
67820,0.001313378568738699,0
39187,0.001338732079602778,0
18642,0.02742103859782219,0
46759,0.0017471418250352144,0
41072,0.14849406480789185,0
94782,0.0009642756194807589,0
32054,0.45200371742248535,0
69273,0.000350203801644966,0
49830,0.0557367205619812,0
60897,0.0007514631724916399,0
27148,0.12517665326595306,0
78240,0.9803967475891113,1
18054,0.002585056470707059,0
31624,0.03855157271027565,0
58621,0.9765068888664246,1
91243,0.8130791187286377,1
9812,0.9860016107559204,1
53148,0.9985698461532593,1
13568,0.44329822063446045,0
14682,0.00537388538941741,0
68491,0.8554468154907227,1
40958,0.0003696510975714773,0
56089,0.0002304197259945795,0
43276,0.000597073812969029,0
4978,0.09616462886333466,0
25931,0.0002564552123658359,0
36051,0.07653116434812546,0
95428,0.0010514154564589262,0
60834,0.013548323884606361,0
14073,0.017629031091928482,0
68543,0.0342310406267643,0
87941,0.000787780387327075,0
90512,0.0002621960884425789,0
61308,0.000795216707047075,0
97238,0.0005351279978640378,0
29187,0.0007730934885330498,0
72408,0.00046418115380220115,0
51849,0.0002775362227112055,0
14872,0.00030979543225839734,0
41237,0.9930157661437988,1
27958,0.036066118627786636,0
52489,0.0005743169458582997,0
19627,0.003990674391388893,0
45018,0.0009251366136595607,0
27305,0.0006020275177434087,0
91365,0.016741374507546425,0
27310,0.00042809886508621275,0
27609,0.0004899556515738368,0
57462,0.0004556213098112494,0
2417,0.002950231311842799,0
89673,0.00042177020804956555,0
25684,0.0016908094985410571,0
6281,0.0005495051736943424,0
12568,0.0004956521443091333,0
93162,0.740818440914154,1
89241,0.0005594426766037941,0
35806,0.00508691044524312,0
67284,0.0006113547715358436,0
61358,0.022941621020436287,0
81930,0.0010749060893431306,0
3581,0.0002253772399853915,0
56120,0.0006755898357369006,0
79413,0.0024771762546151876,0
74039,0.0008233848493546247,0
5239,0.0003692370664793998,0
42803,0.0001702208537608385,0
28541,0.0002486571902409196,0
73068,0.5383937954902649,1
63704,0.0003375352534931153,0
54219,0.7428903579711914,1
43125,0.00038732547545805573,0
62498,0.12846744060516357,0
92605,0.00031973718432709575,0
13972,0.8026930689811707,1
20769,0.0026486569549888372,0
9317,0.0002727718383539468,0
91274,0.00038501943345181644,0
10836,0.0009568571695126593,0
42605,0.9175586104393005,1
56342,0.8755005598068237,1
23801,0.03015623614192009,0
14527,0.3243405818939209,0
64037,0.003043506992980838,0
97263,0.18793871998786926,0
83947,0.026401642709970474,0
73140,0.00037463431362994015,0
40518,0.0006819703266955912,0
83754,0.6539191007614136,1
35916,0.0010622577974572778,0
36142,0.45018690824508667,0
25604,0.1511552333831787,0
8659,0.8992420434951782,1
43950,0.05507428199052811,0
52860,0.007970334030687809,0
49237,0.005488610826432705,0
38907,0.0011074275244027376,0
58203,0.004887267481535673,0
67594,0.0172980148345232,0
16470,0.0002854463818948716,0
90653,0.9945355653762817,1
85361,0.013149667531251907,0
21846,0.0005426360876299441,0
81746,0.005573124624788761,0
74580,0.8804495334625244,1
17462,0.0004979019286110997,0
47025,0.0007653979700990021,0
53972,0.0006175822345539927,0
56307,0.9554930329322815,1
98437,0.0009227338596247137,0
53167,0.6677587628364563,1
65409,0.015367564745247364,0
70268,0.0002973520022351295,0
78016,0.000869882816914469,0
8145,0.001857417868450284,0
60574,0.7781796455383301,1
32478,0.003913823049515486,0
93624,0.9890356659889221,1
65097,0.0005225928616710007,0
9825,0.6889767646789551,1
71035,0.026627812534570694,0
54391,0.9960141181945801,1
45820,0.15767252445220947,0
8426,0.00024861452402547,0
95162,0.30472439527511597,0
6783,0.02887987345457077,0
7415,0.0007435334846377373,0
68027,0.00026880172663368285,0
20893,0.001291750930249691,0
84123,0.005638538394123316,0
8374,0.0008159548160620034,0
31905,0.00043772210483439267,0
37891,0.001641294569708407,0
74209,0.0005100444541312754,0
52074,0.001213264768011868,0
29176,0.0008999062119983137,0
82630,0.3836240768432617,0
3926,0.035824913531541824,0
51920,0.010670939460396767,0
63542,0.04018133506178856,0
23941,0.04699155315756798,0
81276,0.0005327809485606849,0
65127,0.0005608705687336624,0
27654,0.00041206367313861847,0
76830,0.002033320488408208,0
18794,0.11839792132377625,0
63270,0.0008006925927475095,0
75962,0.003433811478316784,0
83470,0.004663566127419472,0
98361,0.7397206425666809,1
67598,0.7522017359733582,1
72054,0.0010438956087455153,0
47935,0.06125468388199806,0
63458,0.3760635554790497,0
32071,0.0005382117815315723,0
45132,0.0014729999238625169,0
58460,0.0008467212901450694,0
67584,0.25964170694351196,0
31695,0.0009027064079418778,0
83925,0.0009579475736245513,0
86209,0.03895416110754013,0
5374,0.005582010373473167,0
94172,0.00040079024620354176,0
26739,0.9849944710731506,1
38061,0.000898009049706161,0
78614,0.0003044901823159307,0
46201,0.0013436549343168736,0
6827,0.0022516674362123013,0
34261,0.0030060599092394114,0
24850,0.0006423042505048215,0
93486,0.9206945300102234,1
57326,0.00030665972735732794,0
29043,0.0018285835394635797,0
76012,0.003281243611127138,0
60783,0.45964866876602173,0
47539,0.0012201244244351983,0
14367,0.00023205649631563574,0
93254,0.999131977558136,1
74205,0.0008629464427940547,0
9375,0.0002270829863846302,0
10634,0.0012531171087175608,0
70182,0.8553390502929688,1
39078,0.6478381156921387,1
64032,0.003327835351228714,0
58364,0.6480037569999695,1
46892,0.0004217175883240998,0
19423,0.0024753131438046694,0
41290,0.000515516207087785,0
16482,0.13566109538078308,0
40237,0.05555420741438866,0
81295,0.3506260812282562,0
93125,0.05930326506495476,0
86052,0.0063041821122169495,0
17324,0.00429869769141078,0
32596,0.2309660017490387,0
16398,0.8840599656105042,1
49537,0.04392343759536743,0
2587,0.001998632214963436,0
83096,0.0006750490865670145,0
93520,0.6019517183303833,1
1735,0.0014714186545461416,0
94608,0.0006106033688411117,0
7832,0.0028389303479343653,0
56714,0.0018192683346569538,0
32476,0.0002903202548623085,0
26159,0.00022721402638126165,0
63142,0.03304393216967583,0
62974,0.11863036453723907,0
56983,0.06632525473833084,0
41320,0.004533341154456139,0
32945,0.004503443371504545,0
54217,0.0004930016584694386,0
64539,0.9992902278900146,1
62718,0.0009189926786348224,0
69702,0.00047574067139066756,0
57109,0.003419143846258521,0
84973,0.0011051131878048182,0
50968,0.007919929921627045,0
97615,0.0014064721763134003,0
4386,0.9993042945861816,1
72045,0.0010520783253014088,0
96432,0.3993303179740906,0
98321,0.8763763904571533,1
52163,0.8110220432281494,1
48251,0.003660901915282011,0
12980,0.0220430139452219,0
85196,0.000952766218688339,0
87061,0.0006288434378802776,0
56491,0.9694897532463074,1
94762,0.7299533486366272,1
38290,0.05006921663880348,0
18562,0.01153749879449606,0
65307,0.0005617873393930495,0
87156,0.0007350440719164908,0
2451,0.02863018959760666,0
57382,0.0009142376948148012,0
80524,0.0002521742135286331,0
95637,0.040893539786338806,0
32701,0.000784752715844661,0
7918,0.0020864824764430523,0
28356,0.7253724932670593,1
2619,0.6229538917541504,1
65387,0.9979462027549744,1
1874,0.008040082640945911,0
2437,0.006236381363123655,0
82459,0.045531194657087326,0
32697,0.997847318649292,1
6918,0.014120361767709255,0
41309,0.0025420549791306257,0
76853,0.0023838344495743513,0
76540,0.0011551841162145138,0
1738,0.011537151411175728,0
78021,0.0018214033916592598,0
84032,0.003163605462759733,0
39820,0.002116007497534156,0
91078,0.00045478949323296547,0
32796,0.19264395534992218,0
31250,0.9986296892166138,1
52198,0.8835205435752869,1
64310,0.998271107673645,1
12768,0.0009466430055908859,0
21867,0.9994624257087708,1
71534,0.31905725598335266,0
35947,0.0013477497268468142,0
5769,0.0005428158328868449,0
23087,0.9411609768867493,1
37482,0.5547282099723816,1
40527,0.9977643489837646,1
10837,0.0013474366860464215,0
19874,0.9980127811431885,1
90524,0.00435397494584322,0
97624,0.9783469438552856,1
3526,0.9981410503387451,1
4362,0.93402099609375,1
20679,0.1717333048582077,0
54689,0.013090594671666622,0
18792,0.8012439012527466,1
58423,0.06317697465419769,0
23469,0.00043686566641554236,0
87954,0.8519616723060608,1
63792,0.0009506448404863477,0
13724,0.000580783758778125,0
10875,0.0005297119496390224,0
38652,0.002793398918583989,0
81932,0.009267513640224934,0
28350,0.9974121451377869,1
65243,0.002282892121002078,0
72619,0.014099468477070332,0
5768,0.865472137928009,1
24018,0.008566099219024181,0
18752,0.10449519008398056,0
24107,0.406052827835083,0
34965,0.0002510483900550753,0
64150,0.972847044467926,1
2349,0.00033229871769435704,0
82451,0.008558771573007107,0
27053,0.002081900369375944,0
29473,0.003099350491538644,0
47912,0.0012106518261134624,0
32791,0.0003999002219643444,0
35498,0.00030239514308050275,0
26837,0.0011515157530084252,0
30476,0.00022834702394902706,0
92074,0.04162926971912384,0
45082,0.004083767533302307,0
82159,0.9520623683929443,1
65123,0.0009421476861461997,0
1285,0.0017857302445918322,0
49261,0.00025861719041131437,0
39064,0.7037428617477417,1
38762,0.00484767509624362,0
26731,0.0007099598878994584,0
78652,0.060405049473047256,0
23741,0.000973941816482693,0
7245,0.004044737201184034,0
72016,0.0017794830491766334,0
30529,0.0002721548662520945,0
46153,0.0051980772987008095,0
95863,0.4736369252204895,0
19084,0.019259948283433914,0
45701,0.004414616618305445,0
92084,0.4183146059513092,0
43591,0.0010571993188932538,0
21456,0.0020590550266206264,0
65827,0.0007484040688723326,0
38297,0.007214089389890432,0
82604,0.001188074005767703,0
93758,0.9944580793380737,1
85306,0.0010702585568651557,0
96215,0.00041922347736544907,0
3149,0.9142693877220154,1
39217,0.9966549873352051,1
68902,0.12777259945869446,0
91573,0.00028138840571045876,0
18506,0.0020553176291286945,0
21596,0.4710593521595001,0
27681,0.0005220033344812691,0
82057,0.018079575151205063,0
16052,0.024296408519148827,0
72150,0.0004526072007138282,0
34905,0.000188953970791772,0
83942,0.005709143355488777,0
96315,0.0007191651966422796,0
3571,0.5742295384407043,1
43098,0.012139035388827324,0
68519,0.0009308147127740085,0
41207,0.0003101222973782569,0
2149,0.06421684473752975,0
10973,0.014105540700256824,0
94037,0.3715348243713379,0
20796,0.0007291905349120498,0
92680,0.5815418362617493,1
21938,0.001400400884449482,0
9418,0.763412356376648,1
49731,0.9223403334617615,1
48632,0.0011213485850021243,0
73608,0.0009475843398831785,0
63152,0.023522095754742622,0
10629,0.002823678543791175,0
94681,0.005483167711645365,0
20178,0.00042598688742145896,0
86749,0.06689471751451492,0
43069,0.0008430784801021218,0
63509,0.007773780729621649,0
18603,0.0011340186465531588,0
59276,0.002213661093264818,0
14567,0.8572456240653992,1
49238,0.0012960999738425016,0
63172,0.003360447008162737,0
17029,0.0002645221829880029,0
73820,0.00031636570929549634,0
14732,0.0005941590061411262,0
65209,0.0023832586593925953,0
94253,0.013632826507091522,0
63529,0.0003764047287404537,0
52410,0.000564137299079448,0
19387,0.0008002768736332655,0
35401,0.0003987623786088079,0
5728,0.00034274731297045946,0
4293,0.0004532919847406447,0
79152,0.0002530241326894611,0
75406,0.00030105403857305646,0
19357,0.0008621196029707789,0
71965,0.0005752944853156805,0
8215,0.034954868257045746,0
52376,0.0031407896894961596,0
12560,0.0015468819765374064,0
14862,0.9992871880531311,1
23685,0.0008100800914689898,0
91427,0.0019285879097878933,0
86420,0.9977472424507141,1
14762,0.7446590662002563,1
46897,0.00027823325945064425,0
31540,0.03774937242269516,0
43892,0.0003072944818995893,0
20871,0.3336089253425598,0
10782,0.00036276434548199177,0
38576,0.019306082278490067,0
82731,0.0012743662809953094,0
72649,0.0011805890826508403,0
69845,0.0007364127086475492,0
57468,0.005178219173103571,0
81067,0.010609503835439682,0
42951,0.0002777281333692372,0
64189,0.0021231265272945166,0
72948,0.00034816033439710736,0
8346,0.0012161573395133018,0
50284,0.0013941135257482529,0
13287,0.0008244856726378202,0
31685,0.31754225492477417,0
39657,0.000817980442661792,0
26481,0.0004468059341888875,0
20579,0.0005674008280038834,0
20941,0.00078435312025249,0
57614,0.0003567576641216874,0
29746,0.48827269673347473,0
20831,0.21836018562316895,0
3618,0.09656950831413269,0
72854,0.00020081375259906054,0
57980,0.0005464191781356931,0
13078,0.935263991355896,1
57641,0.0019746385514736176,0
36198,0.001306143938563764,0
51962,0.007094862870872021,0
65034,0.8442665338516235,1
52369,0.0002884015266317874,0
21380,0.001203250838443637,0
30821,0.004811777733266354,0
90726,0.000427871011197567,0
38456,0.0013265913585200906,0
73092,0.008301562629640102,0
30264,0.0012663224479183555,0
42689,0.0023571180645376444,0
40589,0.0004160819516982883,0
38920,0.998137354850769,1
34519,0.004367148503661156,0
81460,0.22876471281051636,0
57243,0.9969103932380676,1
81496,0.000533526239451021,0
58012,0.002706883940845728,0
71395,0.0015709970612078905,0
8943,0.9021328687667847,1
37821,0.0006578871980309486,0
19402,0.0006775408983230591,0
26107,0.05991831049323082,0
51396,0.04104866087436676,0
43820,0.02652869187295437,0
30765,0.0007131455931812525,0
98541,0.02094300277531147,0
82701,0.0002486662124283612,0
64250,0.9977020621299744,1
5763,0.00240797596052289,0
5627,0.0005712840938940644,0
61548,0.0009358031093142927,0
20173,0.005119727458804846,0
26348,0.048697926104068756,0
27845,0.0010840812465175986,0
15637,0.0007922333315946162,0
98604,0.0003113072016276419,0
52879,0.00033077114494517446,0
95348,0.00037658459041267633,0
87136,0.003830723464488983,0
56701,0.14950676262378693,0
79816,0.00297510321252048,0
21584,0.18440036475658417,0
82716,0.0004640599072445184,0
8427,0.0006515084533020854,0
10723,0.005126607604324818,0
79586,0.004194560460746288,0
76490,0.1138152927160263,0
19386,0.00048594680265523493,0
45293,0.00047011295100674033,0
2436,0.9984476566314697,1
67825,0.9699134826660156,1
92386,0.000304691115161404,0
92653,0.001392422360368073,0
87320,0.0015482213348150253,0
4967,0.9926141500473022,1
93526,0.005045351572334766,0
18409,0.01174252014607191,0
1594,0.9313555955886841,1
42567,0.0011844176333397627,0
56893,0.00043364183511584997,0
71032,0.00043313985224813223,0
15932,0.23090998828411102,0
86904,0.0013520913198590279,0
90235,0.5852830410003662,1
47562,0.0012289914302527905,0
15230,0.0013284246670082211,0
5346,0.0002896834921557456,0
13672,0.9952427744865417,1
20674,0.4214842915534973,0
95647,0.4711361825466156,0
96137,0.9850930571556091,1
37810,0.12813173234462738,0
29468,0.031878333538770676,0
20613,0.39808356761932373,0
46890,0.0011011033784598112,0
92584,0.0014603029703721404,0
72401,0.0012431783834472299,0
40587,0.0012804397847503424,0
59187,0.0019546705298125744,0
94318,0.0003459177096374333,0
15389,0.0009178856271319091,0
86235,0.000638481811620295,0
4869,0.0003705446142703295,0
7426,0.007984542287886143,0
6947,0.0006638359045609832,0
30281,0.04668951407074928,0
86952,0.003518086625263095,0
81647,0.00020351872080937028,0
38524,0.6724454760551453,1
67140,0.0030029790941625834,0
61592,0.004885211121290922,0
80921,0.0007559903315268457,0
13540,0.0010975238401442766,0
58341,0.0007822418119758368,0
51806,0.00028777006082236767,0
57698,0.0004036679456476122,0
2794,0.0009002587175928056,0
52680,0.9514703750610352,1
73546,0.02337143011391163,0
3179,0.006426841951906681,0
92631,0.043760545551776886,0
9256,0.14603377878665924,0
7213,0.0011865879641845822,0
3174,0.0009122733026742935,0
86490,0.22847265005111694,0
72961,0.022295599803328514,0
13702,0.992191731929779,1
98621,0.9980679154396057,1
16925,0.0003526266082189977,0
8725,0.025779355317354202,0
39428,0.0005902278353460133,0
64810,0.0010446984088048339,0
87904,0.0003604686935432255,0
87095,0.0011135924141854048,0
83294,0.0060393731109797955,0
42389,0.0011424815747886896,0
97421,0.005289687309414148,0
95321,0.0023087027948349714,0
8132,0.375434935092926,0
83029,0.0005690744728781283,0
67538,0.0019875094294548035,0
49865,0.998831570148468,1
54097,0.0006207100814208388,0
51672,0.00510705029591918,0
82903,0.0006961334147490561,0
93167,0.0016882037743926048,0
23597,0.0005769160343334079,0
93705,0.006962486542761326,0
74396,0.3533084988594055,0
73501,0.20254002511501312,0
78953,0.0005509037291631103,0
80216,0.01545731257647276,0
71094,0.021883083507418633,0
9578,0.011302749626338482,0
50374,0.0006136154406704009,0
13420,0.0459766760468483,0
37261,0.0031211490277200937,0
50869,0.0037338074762374163,0
75609,0.0006931828102096915,0
80249,0.0007919891504570842,0
27380,0.0006087337387725711,0
58694,0.8634829521179199,1
73802,0.9981579184532166,1
49801,0.6923348903656006,1
65130,0.006470986641943455,0
16840,0.0011138455010950565,0
54836,0.9479774832725525,1
41269,0.00030135209090076387,0
5238,0.0034468797966837883,0
84052,0.9144994020462036,1
32546,0.0006077279685996473,0
97506,0.0007151486352086067,0
57943,0.00959694478660822,0
84627,0.0012266956036910415,0
71092,0.9975912570953369,1
68915,0.0016948292031884193,0
6958,0.006997705437242985,0
57324,0.9989442229270935,1
10486,0.9665049910545349,1
76120,0.9979939460754395,1
12960,0.07705122977495193,0
67912,0.08889897167682648,0
70326,0.9950939416885376,1
93284,0.5165883898735046,1
94803,0.0012978652957826853,0
10756,0.9455254077911377,1
3165,0.2860442101955414,0
41930,0.7746306657791138,1
82137,0.00473726587370038,0
25940,0.00038175907684490085,0
70682,0.007355464156717062,0
36908,0.004322696477174759,0
15340,0.024092387408018112,0
60281,0.00021979236043989658,0
65482,0.0005029446911066771,0
13825,0.0006622383953072131,0
6829,0.7706462740898132,1
61074,0.002028658287599683,0
4973,0.12358544766902924,0
89230,0.01102184783667326,0
10697,0.9988653659820557,1
39762,0.387533575296402,0
90637,0.9995693564414978,1
97621,0.010597577318549156,0
3876,0.0008418469806201756,0
27456,0.00020593198132701218,0
89032,0.021815100684762,0
30621,0.013188248500227928,0
13587,0.0005625983467325568,0
59214,0.7052639126777649,1
36194,0.008805747143924236,0
83401,0.598770022392273,1
94528,0.9654787182807922,1
13572,0.8961988091468811,1
30547,0.9585148096084595,1
49180,0.0010685977758839726,0
19264,0.00044031089055351913,0
25974,0.0006804605945944786,0
74358,0.2630888819694519,0
67520,0.001536885160021484,0
92418,0.02449883706867695,0
42381,0.002857995918020606,0
1425,0.06373974680900574,0
98143,0.0006280850502662361,0
75493,0.0007878457545302808,0
14729,0.005750047508627176,0
62917,0.0003991765552200377,0
28176,0.014951227232813835,0
54863,0.00043159775668755174,0
78026,0.07510777562856674,0
46015,0.003429362317547202,0
13457,0.0004341613093856722,0
16803,0.003338337643072009,0
10469,0.00022102489310782403,0
73916,0.1268407702445984,0
17590,0.0007363144541159272,0
21037,0.07663674652576447,0
54168,0.0005398852517828345,0
25681,0.000489577476400882,0
20591,0.0008389612194150686,0
48195,0.03153598681092262,0
60239,0.0018236631294712424,0
78962,0.8511151671409607,1
16385,0.9009450078010559,1
19560,0.0007511824951507151,0
69812,0.021132836118340492,0
28493,0.1516243815422058,0
94651,0.0148977255448699,0
35768,0.00034541002241894603,0
24365,0.03706059232354164,0
76809,0.00021367595763877034,0
29617,0.0004885793314315379,0
2486,0.052111804485321045,0
96308,0.031152445822954178,0
5142,0.0002471949264872819,0
78946,0.041295506060123444,0
67302,0.0008913602214306593,0
91824,0.036668844521045685,0
2641,0.001993134617805481,0
61972,0.0006424551829695702,0
4317,0.0002616499550640583,0
92561,0.09571366012096405,0
80536,0.0019568505231291056,0
3125,0.30923545360565186,0
27154,0.9607066512107849,1
17538,0.0003384161100257188,0
72684,0.706060528755188,1
12640,0.0003805913729593158,0
48105,0.993104875087738,1
38602,0.0017074228962883353,0
1674,0.0013470555422827601,0
16085,0.0004959241487085819,0
91870,0.00017583274166099727,0
60924,0.7721284627914429,1
60742,0.00023540838446933776,0
57028,0.0033547398634254932,0
49315,0.008092612959444523,0
43157,0.0011138784466311336,0
37680,0.009809381328523159,0
90627,0.0001656082458794117,0
89476,0.01521354727447033,0
76492,0.00040051067480817437,0
61893,0.9989295601844788,1
64912,0.01902623660862446,0
84092,0.003099733730778098,0
82713,0.0014536661328747869,0
17254,0.40929320454597473,0
41508,0.9977250695228577,1
12578,0.04484129697084427,0
95813,0.9982802867889404,1
18795,0.975872278213501,1
76942,0.001374050509184599,0
53176,0.9969473481178284,1
71069,0.017133325338363647,0
54698,0.2775346040725708,0
19470,0.10560805350542068,0
12769,0.16614189743995667,0
85740,0.0002821357629727572,0
95476,0.0005608526989817619,0
90352,0.006863344926387072,0
87064,0.003386917058378458,0
9175,0.0004185739380773157,0
57864,0.027525702491402626,0
16245,0.00039042779826559126,0
17036,0.0004354508128017187,0
72096,0.0006231809966266155,0
67108,0.040266621857881546,0
12703,0.38358163833618164,0
2697,0.0005309393163770437,0
89351,0.0008896179497241974,0
90158,0.0005810351576656103,0
8794,0.0007147363503463566,0
25714,0.000643303501419723,0
27510,0.3735370635986328,0
24569,0.9978792667388916,1
34625,0.8415784239768982,1
50762,0.9911884069442749,1
24360,0.0011003504041582346,0
53871,0.24980460107326508,0
14289,0.45222702622413635,0
97638,0.005112875252962112,0
38150,0.1689898669719696,0
65439,0.9982070922851562,1
65937,0.9955198764801025,1
30126,0.015399307012557983,0
80526,0.001084576128050685,0
71260,0.003451505210250616,0
91680,0.0003677858621813357,0
13706,0.0026577026583254337,0
72563,0.000654758361633867,0
65714,0.0008809653227217495,0
90367,0.0007867004605941474,0
94753,0.00032384562655352056,0
36907,0.0008395006880164146,0
29015,0.00046766758896410465,0
69570,0.01623522862792015,0
71653,0.8771549463272095,1
90173,0.0013316464610397816,0
64357,0.8470944762229919,1
42103,0.005671824794262648,0
26915,0.000458378839539364,0
75108,0.00040162765071727335,0
60972,0.3074074983596802,0
15069,0.0008290574187412858,0
69127,0.0007434407016262412,0
72091,0.0010807912331074476,0
82473,0.013056594878435135,0
32690,0.0020968825556337833,0
49605,0.0027434206567704678,0
89624,0.9988013505935669,1
19257,0.21279728412628174,0
48329,0.00045698409667238593,0
39857,0.00200970028527081,0
3761,0.0009857608238235116,0
89657,0.026071971282362938,0
7369,0.9663097262382507,1
4258,0.0010337736457586288,0
18563,0.0004014954320155084,0
18647,0.00028387035126797855,0
35679,0.0008676844881847501,0
54693,0.007019003387540579,0
16459,0.0007930498104542494,0
32857,0.0008522855350747705,0
75926,0.9991344809532166,1
7524,0.0017208141507580876,0
35081,0.000987941399216652,0
31598,0.0005227273795753717,0
31642,0.000553686695639044,0
2193,0.0008479668176732957,0
3857,0.0009400406270287931,0
59642,0.9826250076293945,1
20369,0.00212864694185555,0
47210,0.015095992013812065,0
89173,0.002575687598437071,0
94601,0.9988947510719299,1
38594,0.0005280015175230801,0
28497,0.7358876466751099,1
68927,0.020950904116034508,0
90682,0.5446617603302002,1
97651,0.0003879307769238949,0
21367,0.9916424751281738,1
49318,0.002331384224817157,0
53094,0.9761921167373657,1
49782,0.0032318318262696266,0
86920,0.0013026120141148567,0
2569,0.03555133938789368,0
97053,0.0007919924682937562,0
43586,0.9804158806800842,1
70428,0.0006845287862233818,0
75469,0.0003333312051836401,0
39172,0.0018991188844665885,0
40376,0.004649669397622347,0
18459,0.0002661292674019933,0
59403,0.7586868405342102,1
29310,0.00911684613674879,0
34807,0.9970788955688477,1
18250,0.008285723626613617,0
73286,0.002972209360450506,0
24160,0.002132465597242117,0
79435,0.0005573722301051021,0
95362,0.002948181703686714,0
27063,0.04408641159534454,0
12350,0.0006708588916808367,0
79524,0.003060040296986699,0
97582,0.0024859749246388674,0
30581,0.0027455950621515512,0
75246,0.0008598929853178561,0
67158,0.0002655701246112585,0
72163,0.00034381914883852005,0
49081,0.9993805885314941,1
12806,0.0014248243533074856,0
36019,0.00036141255986876786,0
89345,0.00020846864208579063,0
62150,0.054491203278303146,0
96382,0.00043498733430169523,0
90163,0.00044613733189180493,0
9348,0.0018523784819990396,0
30921,0.9415816068649292,1
12506,0.0012081761378794909,0
40361,0.0017203046008944511,0
30216,0.0006265434203669429,0
18023,0.008009469136595726,0
75631,0.0013260158011689782,0
71560,0.002186013152822852,0
16370,0.026221580803394318,0
24308,0.9994134902954102,1
57086,0.007342943921685219,0
95164,0.00034445550409145653,0
57632,0.0007649276521988213,0
46390,0.0014457107754424214,0
10532,0.0005809883587062359,0
98217,0.019206730648875237,0
50731,0.006369233131408691,0
12367,0.8395716547966003,1
23168,0.01620078831911087,0
8914,0.0009029037319123745,0
74896,0.6752375960350037,1
71098,0.996180534362793,1
95014,0.0002901575353462249,0
97154,0.001933822757564485,0
59827,0.003149718511849642,0
45791,0.12804029881954193,0
60527,0.05463588610291481,0
61385,0.00036717363400384784,0
58260,0.00753308180719614,0
34509,0.001954416511580348,0
38120,0.0008542124996893108,0
90276,0.0032189388293772936,0
95413,0.004317085724323988,0
71298,0.0009542442858219147,0
57410,0.005961560178548098,0
91805,0.00026471924502402544,0
81379,0.0013191509060561657,0
85104,0.0009181293426081538,0
85943,0.0007251034840010107,0
96370,0.0016932791331782937,0
19034,0.9901437759399414,1
51409,0.004572003614157438,0
7168,0.00022501329658553004,0
37941,0.9987228512763977,1
39851,0.004671226721256971,0
31987,0.0001926980185089633,0
29876,0.0003959106106776744,0
94861,0.8893876075744629,1
29073,0.0006781638949178159,0
27908,0.0011555738747119904,0
56302,0.0006129161338321865,0
32709,0.0008727312670089304,0
14068,0.00042543906602077186,0
65347,0.019518842920660973,0
27639,0.0037426177877932787,0
7214,0.08800098299980164,0
12934,0.0028982865624129772,0
61924,0.0007043314399197698,0
73689,0.0003177207545377314,0
37690,0.022133588790893555,0
65401,0.0005245748325251043,0
40165,0.0031958308536559343,0
5296,0.911820650100708,1
6148,0.27767351269721985,0
89216,0.002173540648072958,0
19873,0.9865474700927734,1
36129,0.01070556789636612,0
75048,0.0577193982899189,0
23658,0.0016505708917975426,0
17529,0.008638531900942326,0
14365,0.06420917063951492,0
36170,0.004148593172430992,0
12845,0.35602617263793945,0
37648,0.00023951574985403568,0
80631,0.0008461382822133601,0
51308,0.04623053967952728,0
42038,0.0003300453827250749,0
90362,0.9886859655380249,1
84720,0.0021861610002815723,0
36195,0.6536278128623962,1
57340,0.19387930631637573,0
16430,0.9872143268585205,1
84270,0.004103768151253462,0
10794,0.48865991830825806,0
56309,0.1588503122329712,0
39758,0.6030140519142151,1
58297,0.21438471972942352,0
37056,0.9993293285369873,1
95068,0.003801325336098671,0
5983,0.000885061570443213,0
89647,0.000587637594435364,0
40198,0.09549635648727417,0
4785,0.1447778195142746,0
46738,0.7512860298156738,1
59268,0.11884811520576477,0
89435,0.9711771011352539,1
79805,0.008286180905997753,0
81605,0.9991958737373352,1
60852,0.0007782079628668725,0
39074,0.0009485973278060555,0
87654,0.0035333149135112762,0
89317,0.0003408710181247443,0
8361,0.14888185262680054,0
57146,0.5123919248580933,1
82453,0.0007240414270199835,0
52786,0.2703276574611664,0
17298,0.0004552540194708854,0
39672,0.013388576917350292,0
20846,0.0012840329436585307,0
9643,0.3009592890739441,0
62784,0.0007822761544957757,0
84752,0.9291159510612488,1
60123,0.00041809160029515624,0
26785,0.007781913969665766,0
19306,0.0026032929308712482,0
81205,0.0008495522779412568,0
3196,0.998715877532959,1
21349,0.0011855490738525987,0
97246,0.0011572515359148383,0
42305,0.004659484140574932,0
79504,0.16897553205490112,0
1397,0.0012727809371426702,0
2578,0.0012581665068864822,0
30127,0.20605427026748657,0
34685,0.0024749550502747297,0
98274,0.00098375731613487,0
97528,0.0013251383788883686,0
67532,0.0004237639659550041,0
18965,0.0027259248308837414,0
65281,0.3376447558403015,0
42059,0.9921526312828064,1
62907,0.0007376393768936396,0
1358,0.8449612259864807,1
53462,0.0004535292973741889,0
79340,0.9913164377212524,1
71439,0.007384766824543476,0
36589,0.0005301473429426551,0
52806,0.002768612001091242,0
15927,0.015229794196784496,0
71805,0.0003737200750038028,0
72980,0.0010815163841471076,0
72491,0.0023438013158738613,0
93105,0.000557165069039911,0
4853,0.0010440944461151958,0
37962,0.0031669423915445805,0
63974,0.0004600102547556162,0
92147,0.9984431862831116,1
58601,0.0524822361767292,0
42068,0.00044208928011357784,0
4728,0.995316743850708,1
13978,0.03471948951482773,0
39710,0.00038523459807038307,0
32091,0.6455119252204895,1
8539,0.9938036203384399,1
56038,0.028375372290611267,0
59873,0.9626026749610901,1
41928,0.0007352465763688087,0
72409,0.11380819976329803,0
74105,0.029248356819152832,0
54368,0.9993116855621338,1
26138,0.013435369357466698,0
90326,0.9754607081413269,1
4269,0.9562121033668518,1
68923,0.0013512300793081522,0
29465,0.036218006163835526,0
45621,0.6245080232620239,1
93015,0.0013370794476941228,0
75912,0.008468497544527054,0
90713,0.9970954656600952,1
73254,0.037030380219221115,0
23789,0.6855909824371338,1
97146,0.9719918966293335,1
10789,0.03500401973724365,0
59870,0.006092177703976631,0
34267,0.0010953941382467747,0
24837,0.0003824619052466005,0
9537,0.022136490792036057,0
58407,0.0005209379596635699,0
52084,0.0020696260035037994,0
18702,0.0021887796465307474,0
57941,0.8207938075065613,1
1893,0.0014442653628066182,0
83709,0.0010336560662835836,0
73054,0.0006881763692945242,0
62598,0.002033781260251999,0
34065,0.7815642356872559,1
24163,0.3662162721157074,0
80275,0.0013594607589766383,0
26013,0.0013129152357578278,0
91048,0.16284890472888947,0
92517,0.9995238780975342,1
78542,0.02593914419412613,0
71693,0.003340297844260931,0
79641,0.0017920926911756396,0
4398,0.00023110353504307568,0
49582,0.08709467202425003,0
39274,0.005022183991968632,0
9528,0.0008177579729817808,0
42960,0.0010031185811385512,0
49567,0.002637831261381507,0
67281,0.0010619113454595208,0
71548,0.0004264512681402266,0
90185,0.016827106475830078,0
10784,0.001314022345468402,0
16375,0.0003264005936216563,0
8726,0.002222939394414425,0
31420,0.626628041267395,1
51934,0.003723484231159091,0
29364,0.003621065989136696,0
6278,0.0009921990567818284,0
92816,0.0004047406546305865,0
83649,0.018283579498529434,0
84307,0.345673531293869,0
25130,0.5588874816894531,1
83106,0.00044878185144625604,0
46508,0.00018208721303381026,0
1926,0.5309038162231445,1
85406,0.2177063375711441,0
80654,0.829753041267395,1
13208,0.0005709993420168757,0
15928,0.4273510277271271,0
86430,0.009585638530552387,0
85061,0.0011654122499749064,0
34527,0.0014377711340785027,0
27491,0.012628956697881222,0
14907,0.9052712321281433,1
2957,0.0014177339617162943,0
41768,0.029688648879528046,0
37469,0.9952971339225769,1
50714,0.9725281000137329,1
14673,0.7013028860092163,1
18075,0.0018979395972564816,0
97063,0.9971444010734558,1
82360,0.0005859759985469282,0
17382,0.0007884075166657567,0
49031,0.25290822982788086,0
51346,0.0017609045607969165,0
25138,0.000284605281194672,0
71856,0.003931116312742233,0
54176,0.010772928595542908,0
43058,0.9993081092834473,1
25839,0.9711621403694153,1
29345,0.8897306323051453,1
68304,0.18934543430805206,0
96174,0.0004315802361816168,0
54209,0.5900391340255737,1
50691,0.08365410566329956,0
62584,0.0020146076567471027,0
92810,0.29572659730911255,0
39871,0.11528138071298599,0
70198,0.0010561171220615506,0
93106,0.0007837557350285351,0
10387,0.001200887723825872,0
42875,0.000195052707567811,0
60821,0.20443324744701385,0
49638,0.0019068042747676373,0
73489,0.024016933515667915,0
43021,0.0002773389278445393,0
59762,0.0006975233554840088,0
39284,0.00046750399633310735,0
28394,0.0064609479159116745,0
10542,0.04156012833118439,0
7642,0.00047906310646794736,0
93754,0.0005228010704740882,0
92346,0.0005600895965471864,0
58936,0.00043650707812048495,0
87945,0.1742193102836609,0
31526,0.9933226704597473,1
37916,0.0008815049659460783,0
71352,0.0011056809453293681,0
2164,0.0022234839852899313,0
3587,0.0005442890105769038,0
47839,0.8649998903274536,1
34281,0.0005693543935194612,0
